catalogue_number,totalseq_id,marker,clone,reactivity,barcode_sequence
305249,0005,CD80,2D10,Human,ACGAATCAATCTGTG
305453,0006,CD86,IT2.2,Human,GTCTTTGTCAGTGCA
329753,0007,CD274,29E.2A3,Human,GTTGTCCGACAATAC
329627,0008,CD273,24F.10C12,Human,TCAACGCTTGGCTAG
309425,0009,CD275,2D3,Human,GTGCATTCAACAGTA
331609,0010,CD276,DCN.70,Human,GACTGGGAGGGTATT
318821,0020,CD270,122,Human,TGATAGAAACAGACC
337639,0023,CD155,SKII.4,Human,ATCACATCGTTGCCA
337427,0024,CD112,TX31,Human,AACCTTCCGTCTAAG
323137,0026,CD47,CC2C6,Human,GCATTCTGTCACCTA
355127,0027,CD70,113-16,Human,CGCGAACATAAGAAG
333923,0028,CD30,BY88,Human,TCAGGGTGTGCTGTA
336721,0029,CD48,BJ40,Human,CTACGACGTAGAAGA
334354,0031,CD40,5C3,Human,CTCAGATGGAGTATG
310853,0032,CD154,24-31,Human,GCTAGATAGATGCAA
316027,0033,CD52,HI186,Human,CTTTGTACGAGCAAA
300485,0034,CD3,UCHT1,Human,CTCATTGTAACTCCT
344767,0046,CD8,SK1,Human,GCGCAACTTGATGAT
362567,0047,CD56,5.1H11,Human,TCCTTTCCTGATAGG
368553,0048,CD45,2D1,Human,TCCCTTGCGATTTAC
302277,0050,CD19,HIB19,Human,CTGGGCAATTACTCG
366637,0052,CD33,P67.6,Human,TAACTCAGGGCCTAT
371527,0053,CD11c,S-HCL-3,Human,TACGCCTATAACTTG
343543,0054,CD34,581,Human,GCAGAAATCTCCCTT
356545,0055,CD138,MI15,Human,ACTCTTTCGTTTACG
357539,0056,CD269,19F2,Human,CAGATGATCCACCAT
311455,0058,"HLA-A,B,C",W6/32,Human,TATGCGAGGCTTATC
328149,0060,CD90,5E10,Human,GCATTGTACGATTCA
313251,0061,CD117,104D2,Human,AGACTAATAGCTGAC
312239,0062,CD10,HI10a,Human,CAGCCATTCATTAGG
304175,0063,CD45RA,HI100,Human,TCAATCCTTCCGCTT
306051,0064,CD123,6H6,Human,CTTCACTCTGTCAGG
343133,0066,CD7,CD7-6B7,Human,TGGATTCCCGGACTT
323231,0068,CD105,43A3,Human,ATCGTCGAGAGCTAG
351913,0069,CD201,RCR-401,Human,GTTTCCTTGACCAAG
313641,0070,CD49f,GoH3,Human and mouse,TTCCGAGGATGATCT
359431,0071,CD194,L291H4,Human,AGCTTACCTGCACGA
300575,0072,CD4,RPA-T4,Human,TGTTCCCGCTCAACT
103075,0073,CD44,IM7,Human and mouse,TGGCTTCAGGTCCTA
301865,0081,CD14,M5E2,Human,TCTCAGACCTCCGTA
302071,0083,CD16,3G8,Human,AAGTTCACTCTTTGC
302651,0085,CD25,BC96,Human,TTTGTCCTGTACGCC
304265,0087,CD45RO,UCHL1,Human,CTCCGAATCATGTTG
329969,0088,CD279,EH12.2H7,Human,ACAGCGCCGTATTTA
372739,0089,TIGIT,A15153G,Human,TTGCTTACCGCCAGA
400299,0091,Mouse IgG1 κ,MOPC-173,Isotype control,CTCCTACCTAAACTG
400383,0092,Mouse IgG2a κ,MPC-11,Isotype control,ATATGTATCACGCGA
400697,0095,Mouse IgG2b κ,RTK4530,Isotype control,GATTCTTGACGACCT
302370,0100,CD20,2H7,Human,TTCTGGGTCCCTAGA
331955,0101,CD335,9E2,Human,ACAATTTGAACAGCG
109265,0120,TCR β chain,H57-597,Mouse,TCCTATGGGACTCAG
324253,0123,CD326,9C4,Human,TTCCGAGCAAGTATC
303151,0124,CD31,WM59,Human,ACCTTTATGCCACGG
338835,0125,CD44,BJ18,Human,AATCCTTCCGAATGT
337035,0127,Podoplanin,NC-08,Human,GGTTACTCGTTGTGT
323517,0128,CD140a,16A1,Human,ATGCGCCGAGAATTA
323613,0129,CD140b,18A2,Human,CAATGGTTCACTGCC
352935,0132,EGFR,AY13,Human,GCTTAACATTGGCAC
314553,0136,IgM,MHM-88,Human,TAGCGAGCCCGTATA
300647,0138,CD5,UCHT2,Human,CATTAACGGGATGCC
331241,0139,TCR γ/δ,B1,Human,CTTCCGATTCATTCA
353757,0140,CD183,G025H7,Human,GCGATGGTAGATTAT
359141,0141,CD195,J418F1,Human,CCAAAGTAAGAGCCA
303235,0142,CD32,FUN-2,Human,GCTTCCGAATTACCG
353447,0143,CD196,G034E3,Human,GATCCCTTTGTCACT
356949,0144,CD185,J252D4,Human,AATTCAACCGTCGCC
350241,0145,CD103,Ber-ACT8,Human,GACCTCATTGTGAAT
310963,0146,CD69,FN50,Human,GTCTCTTGGCTTAAA
304863,0147,CD62L,DREG-56,Human,GTCCCTGCAACTTGA
353267,0148,CD197,G043H7,Human,AGTTCAGTCAACCGA
339953,0149,CD161,HP-3G10,Human,GTACGCAGTCCTTCT
369635,0151,CD152,BNI3,Human,ATGGTTCACGTAATC
369339,0152,CD223,11C3C65,Human,CATTTGTCTGCCGGT
367735,0153,KLRG1,SA231A2,Human,CTTATTTCCTGCCCT
302861,0154,CD27,O323,Human,GCACTCCTGCATGTA
305659,0156,CD95,DX2,Human,CCAGCTCATTAGAGC
350039,0158,CD134,Ber-ACT35 (ACT35),Human,AACCCACCGTTGTTA
307681,0159,HLA-DR,L243,Human,AATAGCGAGCAAGTA
331551,0160,CD1c,L161,Human,GAGCTACTTCACTCG
301363,0161,CD11b,ICRF44,Human,GACAAGTGATCTGCA
305051,0162,CD64,10.1,Human,AAGTATGCCCTACGA
344131,0163,CD141,M80,Human,GGATAACCGCGCTTT
320845,0165,CD314,1D11,Human,CGTGTTTGTTCCTCA
392919,0166,CD66b,6/40c,Human,AGCTGTAAGTTTCGG
333417,0167,CD35,E11,Human,ACTTCCGTCGATCTT
393333,0168,CD57,QA17A04,Human,AACTCCCTATGGAGG
345057,0169,CD366,F38-2E2,Human,TGTCCTACCCAACTT
344535,0170,CD272,MIH26,Human,GTTATTGGACTAAGG
313561,0171,CD278,C398.4A,Human and mouse,CGCGCACCCATTAAA
330929,0174,CD58,TS2/9,Human,GTTCCTATGGACGAC
338427,0175,CD96,NK92.39,Human,TGGCCTATAAATGGT
328243,0176,CD39,A1,Human,TTACCTGGTATCCGT
311149,0180,CD24,ML5,Human,AGATTCCTTCGTGTT
354931,0181,CD21,Bu32,Human,AACCTAGTAGTTCGG
350621,0185,CD11a,TS2/4,Human,TATATCCTTGTGAGC
341421,0187,CD79b,CB3-1,Human,ATTCTTCAACCGAAG
329541,0189,CD244,C1.7,Human,TCGCTTGGATGGTAG
306629,0196,CD235ab,HIR2,Human,GCTCCTTTACACGTA
347117,0199,Siglec-8,7C9,Human,CTTCTCCTCAGCAAT
321155,0205,CD206,15-2,Human,TCAGAACGTCTAACT
346025,0206,CD169,7-239,Human,TACTCAGCGTGTTTG
303945,0216,CD42b,HIP1,Human,TCCTAGTACCGAAGT
353137,0217,CD54,HA58,Human,CTGATAGACTTGAGT
304951,0218,CD62P,AK4,Human,CCTTCCGTATCCCTT
306751,0224,TCR α/β,IP26,Human,CGTAACGTAGAGCGA
400485,0236,Rat IgG1 κ,RTK2071,Isotype control,ATCAGATGCCCTCAT
402603,0238,Rat IgG2a κ,RTK2758,Isotype control,AAGTCAGGTTCGTTT
339029,0246,CD122,TU27,Human,TCATTTCCTCCGATT
313325,0351,CD135,BV10A4H2,Human,CAGTAGATGGAGCAT
334651,0352,FcεRIα,AER-37 (CRA-1),Human,CTCGTTTCCGTATCG
303751,0353,CD41,HIP8,Human,ACGTTGTGGCCTTGT
309845,0355,CD137,4B4-1,Human,CAGTAAGTTCGGGAC
343211,0357,CD43,CD43-10G7,Human,GATTAACCAGCTCAT
333641,0358,CD163,GHI/61,Human,GCTTCTCCTTCCTTA
305345,0359,CD83,HB15e,Human,CCACTCATTTCCGGT
371233,0360,CD357,108-17,Human,ACCTTTCGACACTCG
304717,0361,CD59,p282 (H19),Human,AATTAGCCGTCGAGA
301735,0364,CD13,WM15,Human,TTTCAACGCCCTTTC
306543,0366,CD184,12G5,Human,TCAGGTCCTTTCAAC
309239,0367,CD2,TS1/8,Human,TACGATTTGTCAGGG
338341,0368,CD226,11A8,Human,TCTCAGTGTTTGTGG
303037,0369,CD29,TS2/16,Human,GTATTCCCTCAGTCA
354245,0370,CD303,201A,Human,GAGATGTCCGAATTT
336429,0372,CD61,VI-PL2,Human,AGGTTGGAGTAGACT
349527,0373,CD81,5A6,Human,GTATCCTTCCTTGGC
315611,0374,CD98,MEM-108,Human,GCACCAACAGCCATT
410735,0375,IgG Fc,M1310G05,Human,CTGGAGCGATTAGAA
348251,0384,IgD,IA6-2,Human,CAGTCTCCGTAGAGT
302973,0386,CD28,CD28.2,Human,TGAGAACGACCCTAA
303553,0389,CD38,HIT2,Human,TGTACCCGCTTGTGA
351371,0390,CD127,A019D5,Human,GTGTGTTGTCCTATG
304089,0391,CD45,HI30,Human,TGCAATTACCCGGAT
323059,0392,CD15,W6D3,Human,TCACCAGTACCTAGT
363525,0393,CD22,S-HCL-1,Human,GGGTTGTTGTCTTTG
334133,0394,CD71,CY1G4,Human,CCGTGTTCCTCATTA
302729,0396,CD26,BA5b,Human,GGTGGCTAGATAATG
310735,0397,CD193,5E8,Human,ACCAATCCTTTCGTC
347331,0398,CD115,9-4D2-1E4,Human,AATCACGGTCCTTGT
371915,0399,CD204,7C9C20,Human,TAGCGAGCCAGATGT
300145,0402,CD1a,HI149,Human,GATCGTGTTGTGTTA
354537,0406,CD304,12C2,Human,GGACTAAGTTTCGTT
336237,0407,CD36,5-271,Human,TTCTTTGCCTTGCCA
372115,0408,CD172a,15-414,Human,CGTGTTTAACTTGAG
356645,0410,CD38,HB-7,Human,CCTATTCCGATTCCG
316215,0419,CD72,3F3,Human,CAGTCGTGGTAGATA
339523,0420,KIR2DL1/S1/S3/S5,HP-MA4,Human,TATCAACCAACGCTT
350823,0433,CD325,8C11,Human,CCTTCCCTTTCCTCT
329231,0447,CD200,OX-104,Human,CACGTAGACCTTTGC
349125,0574,CD235a,HI264,Human,AGAGTATGTATGGGA
304349,0576,CD49d,9F10,Human,CCATTCAACTTCCGG
344037,0577,CD73,AD2,Human,CAGTTCCTCAGTTCG
312125,0579,CD9,HI9a,Human,GAGTCACCAATCTGC
324631,0593,CD203c,NP4D6,Human,TAACCGTACCTGCAT
394019,0594,CD133,S16016B,Human,GTAAGACGCCTATGC
330123,0597,CD209,9E9A8,Human,TCACTGGACACTTAA
325241,0801,CD337,P30-15,Human,AAAGTCACTCTGCCG
325129,0802,CD336,P44-8,Human,GGGCAATTAGCGAGT
337117,0805,CD226,TX25,Human,AGACCAACTCATTCA
345133,0816,CD271,ME20.4,Human,AACCGCGCTTCAGAT
323313,0817,CD109,W7C5,Human,CACTTAACTCTGGGT
352819,0819,CD126,UV4,Human,TGATGGGAGCTTATC
324815,0821,CD164,67D2,Human,GAGGCACTTAACATA
365213,0822,CD142,NY2,Human,CACTGCCGTCGATTA
340313,0829,CD307e,509f6,Human,TCACGCAGTCCTCAA
371325,0845,CD99,3B2/TA8,Human,ACCCGTCCCTAAGAA
353617,0853,CD371,50C1,Human,CATTAGAGTCTGCCA
356211,0865,VEGFR-3,9D9F9,Human,TGATCCGAAGTCGTG
305529,0867,CD94,DX22,Human,CTTTCCGGTCCTACA
306321,0870,CD150,A12 (7D4),Human,GTCATTGTATGTCTG
316537,0894,Ig light chain κ,MHK-49,Human,AGCTCAGCCAGTATG
338529,0897,CD23,EBVCS-5,Human,TCTGTATAACCGTCT
316637,0898,Ig light chain λ,MHL-38,Human,CAGCCAGTAAGTCAC
358213,0912,GPR56,CG4,Human and mouse,GCCTAGTTTCCGTTT
342623,0918,HLA-E,3D12,Human,GAGTCGAGAAATCAT
320923,0919,MICA/MICB,6D4,Human,CCCGCAGTATAACGA
342119,0920,CD82,ASL-24,Human,TCCCACTTCCGCTTT
346713,0923,NKp80,5D12,Human,TATAGTTCCTCTGTG
326815,0935,CD74,LN2,Human,CTGTAGCATTTCCCT
305915,0940,CD116,4H1,Human,ATGGACAGTTCGTGT
330211,0947,CD215,JM7A4,Human,CATATTCCGCCGTAA
359521,0985,CD360,17A12,Human,GAGGATGATGCCATG
343915,1015,CD166,3A6,Human,CATAAGATTCCGAGC
361719,1018,"HLA-DR, DP, DQ",Tü39,Human,AGCTACGAGCAGTAG
358419,1024,CD120b,3G7A02,Human,GCGCAACTCCTTGTA
341219,1045,CD160,BY55,Human,GGCTAGAAATCAACG
373213,1047,HLA-F,3D11/HLA-F,Human,GCAACTCTCCTACCT
318713,1056,CD258,T5-39,Human,ACTTCCCTGTAGAAA
621617,1169,CD279,A17188B,Human,ACAATTCCTGTCACA
308819,1170,CD210,3F9,Human,TCCCTAGTAGTATAG
399707,1171,TGF-β Receptor II,W17055E,Human,ATTTCAGGGCCGGTA
394203,1172,IL12RB2,S16020B,Human,TCCCTCAGCGATTTA
313907,1173,CD6,BL-CD6,Human,TGGCCTAGCATTCAA
307413,1182,CD262,DJR2-4 (7-8),Human,TTGGCCTGTAGAAAT
307213,1183,CD261,DJR1,Human,GCCCTTCCTCATTTC
338717,1249,CD85d,42D1,Human,AACGACGTAGATAGG
355609,1250,CD227,16A,Human,CCGAATAATTTCAGC
323419,1260,CD117,A3C6E2,Human,GTAACTTCAGTATCG
362919,1261,CD191,5F10B29,Human,CCTTTCCGACATTGG
373109,1277,CD312,W15101A,Human,GGATGTACCTATGGT
399809,1278,CD200,A18042B,Human,AGTCCTCAGTATCCT
339705,1279,CD300e,UP-H2,Human,CTCAGTCAACCGTTT
336315,1373,CD97,VIM3b,Human,TTAACCCGTCGATTT
375133,1374,NKG2A,S19004C,Human,CAACTCCTGGGACTT
375007,1375,NKG2C,S19005E,Human,ATTCCTGCGCCTAAA
NA,5025,KIR2DL1/S1/S3/S5,HP-MA4,Human,TATCAACCAACGCTT
NA,5026,KIR2DL2/L3/S2,DX27,Human,GACCCGTAGTTTGAT
NA,5028,KIR3DL1,DX9,Human,GGACGCTTTCCTTGA
