catalogue_number,totalseq_id,marker,clone,reactivity,barcode_sequence,
100573,0001,CD4,RM4-5,Mouse,AACAAGACCCTTGAG,
100783,0002,CD8a,53-6.7,Mouse,TACCCGTAATAGCGT,
119741,0003,CD366,RMT3-23,Mouse,ATTGGCACTCAGATG,
109125,0004,CD279,RMP1-30,Mouse,GAAAGTCAAAGCACT,
305241,0005,CD80,2D10,Human,ACGAATCAATCTGTG,
305445,0006,CD86,IT2.2,Human,GTCTTTGTCAGTGCA,
329749,0007,CD274,29E.2A3,Human,GTTGTCCGACAATAC,
329625,0008,CD273,24F.10C12,Human,TCAACGCTTGGCTAG,
309421,0009,CD275,2D3,Human,GTGCATTCAACAGTA,
331613,0010,CD276,DCN.70,Human,GACTGGGAGGGTATT,
105849,0012,CD117,2B8,Mouse,TGCATGTCATCGGTG,
128053,0013,Ly-6C,HK1.4,Mouse,AAGTCGTGAGGCATG,
101273,0014,CD11b,M1/70,Human and mouse,TGAAGGCTCATTTGT,
127659,0015,Ly-6G,1A8,Mouse,ACATTGACGCAACTA,
348927,0016,Galectin-9,9M1-3,Human,ACTCACTGGAGTCTC,
654007,0017,IDO,2E2/IDO1,Mouse,CTCTATTCAGACCAG,
318819,0020,CD270,122,Human,TGATAGAAACAGACC,
311521,0022,CD137L,5F4,Human,ATTCGCCTTACGCAA,
337637,0023,CD155,SKII.4,Human,ATCACATCGTTGCCA,
337425,0024,CD112,TX31,Human,AACCTTCCGTCTAAG,
323135,0026,CD47,CC2C6,Human,GCATTCTGTCACCTA,
355125,0027,CD70,113-16,Human,CGCGAACATAAGAAG,
333921,0028,CD30,BY88,Human,TCAGGGTGTGCTGTA,
336719,0029,CD48,BJ40,Human,CTACGACGTAGAAGA,
334352,0031,CD40,5C3,Human,CTCAGATGGAGTATG,
310851,0032,CD154,24-31,Human,GCTAGATAGATGCAA,
316025,0033,CD52,HI186,Human,CTTTGTACGAGCAAA,
300477,0034,CD3,UCHT1,Human,CTCATTGTAACTCCT,
612313,0043,Cytochrome c,6H2.B4,Human and mouse,ATTTCAGCCCGCCTA,
308133,0044,Perforin,dG9,Human,TCTTCGTTTGAACGG,
344681,0045,CD4,SK3,Human,GAGGTTAGTGATGGA,
344757,0046,CD8,SK1,Human,GCGCAACTTGATGAT,
362561,0047,CD56,5.1H11,Human,TCCTTTCCTGATAGG,
368547,0048,CD45,2D1,Human,TCCCTTGCGATTTAC,
344853,0049,CD3,SK7,Human,TATCCCTTGGGATGG,
302263,0050,CD19,HIB19,Human,CTGGGCAATTACTCG,
367145,0051,CD14,63D3,Human,CAATCAGACCTATGA,
366635,0052,CD33,P67.6,Human,TAACTCAGGGCCTAT,
371523,0053,CD11c,S-HCL-3,Human,TACGCCTATAACTTG,
343539,0054,CD34,581,Human,GCAGAAATCTCCCTT,
356543,0055,CD138,MI15,Human,ACTCTTTCGTTTACG,
357525,0056,CD269,19F2,Human,CAGATGATCCACCAT,
316325,0057,β2-microglobulin,2M2,Human,CAGCCCGATTAAGGT,
311451,0058,"HLA-A,B,C",W6/32,Human,TATGCGAGGCTTATC,
328147,0060,CD90,5E10,Human,GCATTGTACGATTCA,
313247,0061,CD117,104D2,Human,AGACTAATAGCTGAC,
312235,0062,CD10,HI10a,Human,CAGCCATTCATTAGG,
304161,0063,CD45RA,HI100,Human,TCAATCCTTCCGCTT,
306047,0064,CD123,6H6,Human,CTTCACTCTGTCAGG,
343129,0066,CD7,CD7-6B7,Human,TGGATTCCCGGACTT,
323229,0068,CD105,43A3,Human,ATCGTCGAGAGCTAG,
351911,0069,CD201,RCR-401,Human,GTTTCCTTGACCAAG,
313639,0070,CD49f,GoH3,Human and mouse,TTCCGAGGATGATCT,
359427,0071,CD194,L291H4,Human,AGCTTACCTGCACGA,
300565,0072,CD4,RPA-T4,Human,TGTTCCCGCTCAACT,
103071,0073,CD44,IM7,Human and mouse,TGGCTTCAGGTCCTA,
116139,0074,CD54,YN1/1.7.4,Mouse,ATAACCGACACAGTG,
105355,0075,CD90.2,30-H12,Mouse,CCGATCAGCCGTTTA,
125621,0076,CD15,MC-480,Human and mouse,GCTAGTTTGTGCTGC,
127235,0077,CD73,TY/11.8,Mouse,ACACTTAACGTCTGG,
103631,0078,CD49d,R1-2,Mouse,CGCTTGGACGCTTAA,
123821,0079,CD200,OX-90,Mouse,TCAATTCCGGTAGTC,
301069,0080,CD8a,RPA-T8,Human,GCTGCGCTTTCCATT,
301857,0081,CD14,M5E2,Human,TCTCAGACCTCCGTA,
302063,0083,CD16,3G8,Human,AAGTTCACTCTTTGC,
392423,0084,CD56,QA17A16,Human,TTCGCCGCATTGAGT,
302647,0085,CD25,BC96,Human,TTTGTCCTGTACGCC,
304257,0087,CD45RO,UCHL1,Human,CTCCGAATCATGTTG,
329961,0088,CD279,EH12.2H7,Human,ACAGCGCCGTATTTA,
372727,0089,TIGIT,A15153G,Human,TTGCTTACCGCCAGA,
400185,0090,Mouse IgG1 κ,MOPC-21,Isotype control,GCCGGACGACATTAA,
400291,0091,Mouse IgG2a κ,MOPC-173,Isotype control,CTCCTACCTAAACTG,
400379,0092,Mouse IgG2b κ,MPC-11,Isotype control,ATATGTATCACGCGA,
115563,0093,CD19,6D5,Mouse,ATCAGCCATGTCAGT,
400689,0095,Rat IgG2b κ,RTK4530,Isotype control,GATTCTTGACGACCT,
103161,0096,CD45,30-F11,Mouse,TGGCTATGGAGCAGA,
102067,0097,CD25,PC61,Mouse,ACCATGAGACACAGT,
135319,0098,CD135,A2F10,Mouse,GTAGCAAGATTCAAG,
302361,0100,CD20,2H7,Human,TTCTGGGTCCCTAGA,
331939,0101,CD335,9E2,Human,ACAATTTGAACAGCG,
350137,0102,CD294,BM16,Human,TGTTTACGAGAGCCC,
103271,0103,CD45R/B220,RA3-6B2,Human and mouse,CCTACACCTCATAAT,
135543,0105,CD115,AFS98,Mouse,TTCCGTTGTTGTGAG,
117359,0106,CD11c,N418,Mouse,GTTATGGACGCTTGC,
101643,0108,CD23,B3B4,Mouse,TCTCTTGGAAGATGA,
101345,0109,CD16/32,93,Mouse,TTCGATGCTGGAGCA,
143223,0110,CD43,S11,Mouse,TTGGAGGGTTGTGCT,
100645,0111,CD5,53-7.3,Mouse,CAGCTCAGTGTGTTG,
104465,0112,CD62L,MEL-14,Mouse,TGGGCCTAAGTCATC,
123155,0114,F4/80,BM8,Mouse,TTAACTTCAGCCCGT,
134341,0115,FcεRIα,MAR-1,Mouse,AGTCACCTCGAAGCT,
108465,0116,Ly-6G/Ly-6C,RB6-8C5,Mouse,TAGTGTATGGACACG,
107657,0117,I-A/I-E,M5/114.15.2,Mouse,GGTCACCAGTATGAT,
108763,0118,NK-1.1,PK136,Mouse,GTAACATTACTCGTC,
129619,0119,Siglec H,551,Mouse,CCGCACCTACATTAG,
109261,0120,TCR β chain,H57-597,Mouse,TCCTATGGGACTCAG,
118145,0121,TCR γ/δ,GL3,Mouse,AACCCAAATAGCTGA,
116251,0122,TER-119,TER-119,Mouse,GCGCGTTTGTGCTAT,
324249,0123,CD326,9C4,Human,TTCCGAGCAAGTATC,
303145,0124,CD31,WM59,Human,ACCTTTATGCCACGG,
338831,0125,CD44,BJ18,Human,AATCCTTCCGAATGT,
337033,0127,Podoplanin,NC-08,Human,GGTTACTCGTTGTGT,
323515,0128,CD140a,16A1,Human,ATGCGCCGAGAATTA,
323615,0129,CD140b,18A2,Human,CAATGGTTCACTGCC,
108149,0130,Ly-6A/E,D7,Mouse,TTCCTTTCCTACGCA,
352929,0132,EGFR,AY13,Human,GCTTAACATTGGCAC,
324425,0133,CD340,24D2,Human,CTGTAGCCGCCTATT,
361039,0134,CD146,P1H12,Human,CCTTGGATAACATCA,
324129,0135,CD324,67A4,Human,ATCCTTCTCCCTTTC,
314549,0136,IgM,MHM-88,Human,TAGCGAGCCCGTATA,
300645,0138,CD5,UCHT2,Human,CATTAACGGGATGCC,
331233,0139,TCR γ/δ,B1,Human,CTTCCGATTCATTCA,
353751,0140,CD183,G025H7,Human,GCGATGGTAGATTAT,
359139,0141,CD195,J418F1,Human,CCAAAGTAAGAGCCA,
303227,0142,CD32,FUN-2,Human,GCTTCCGAATTACCG,
353445,0143,CD196,G034E3,Human,GATCCCTTTGTCACT,
356943,0144,CD185,J252D4,Human,AATTCAACCGTCGCC,
350235,0145,CD103,Ber-ACT8,Human,GACCTCATTGTGAAT,
310949,0146,CD69,FN50,Human,GTCTCTTGGCTTAAA,
304849,0147,CD62L,DREG-56,Human,GTCCCTGCAACTTGA,
353249,0148,CD197,G043H7,Human,AGTTCAGTCAACCGA,
339949,0149,CD161,HP-3G10,Human,GTACGCAGTCCTTCT,
369629,0151,CD152,BNI3,Human,ATGGTTCACGTAATC,
369337,0152,CD223,11C3C65,Human,CATTTGTCTGCCGGT,
367727,0153,KLRG1,SA231A2,Human,CTTATTTCCTGCCCT,
302851,0154,CD27,O323,Human,GCACTCCTGCATGTA,
328651,0155,CD107a,H4A3,Human,CAGCCCACTGCAATA,
305653,0156,CD95,DX2,Human,CCAGCTCATTAGAGC,
109859,0157,CD45.2,104,Mouse,CACCGTCATTCAACC,
350037,0158,CD134,Ber-ACT35 (ACT35),Human,AACCCACCGTTGTTA,
307661,0159,HLA-DR,L243,Human,AATAGCGAGCAAGTA,
331549,0160,CD1c,L161,Human,GAGCTACTTCACTCG,
301357,0161,CD11b,ICRF44,Human,GACAAGTGATCTGCA,
305049,0162,CD64,10.1,Human,AAGTATGCCCTACGA,
344127,0163,CD141,M80,Human,GGATAACCGCGCTTT,
350323,0164,CD1d,51.1,Human,TCGAGTCGCTTATCA,
320839,0165,CD314,1D11,Human,CGTGTTTGTTCCTCA,
392913,0166,CD66b,6/40c,Human,AGCTGTAAGTTTCGG,
333411,0167,CD35,E11,Human,ACTTCCGTCGATCTT,
393323,0168,CD57,QA17A04,Human,AACTCCCTATGGAGG,
345053,0169,CD366,F38-2E2,Human,TGTCCTACCCAACTT,
344533,0170,CD272,MIH26,Human,GTTATTGGACTAAGG,
313551,0171,CD278,C398.4A,Human and mouse,CGCGCACCCATTAAA,
141743,0173,CD206,C068C2,Mouse,TCAACTCGGTGTTGC,
330925,0174,CD58,TS2/9,Human,GTTCCTATGGACGAC,
338425,0175,CD96,NK92.39,Human,TGGCCTATAAATGGT,
328241,0176,CD39,A1,Human,TTACCTGGTATCCGT,
306423,0177,CD178,NOK-1,Human,CCGGTCCTCTGTATT,
110755,0178,CD45.1,A20,Mouse,CCTATGGACTTGGAC,
355707,0179,CX3CR1,K0124E1,Human,AGTATCGTCTCTGGG,
311145,0180,CD24,ML5,Human,AGATTCCTTCGTGTT,
354925,0181,CD21,Bu32,Human,AACCTAGTAGTTCGG,
100257,0182,CD3,17A2,Mouse,GTATGTCCGCTCGAT,
137641,0184,CD335,29A1.4,Mouse,CCCTTTCACCTCGAA,
350619,0185,CD11a,TS2/4,Human,TATATCCTTGTGAGC,
341419,0187,CD79b,CB3-1,Human,ATTCTTCAACCGAAG,
342329,0188,CD66a/c/e,ASL-32,Human,GGGACAGTTCGTTTC,
329537,0189,CD244,C1.7,Human,TCGCTTGGATGGTAG,
153608,0190,CD274,MIH6,Mouse,TCGATTCCACCAACT,
124247,0191,CD27,LG.3A10,Human and mouse,CAAGGTATGTCACTG,
150425,0192,CD20,SA275A11,Mouse,TCCACTCCCTGTATA,
126329,0193,CD357,DTA-1,Mouse,GGCACTCTGTAACAT,
106121,0194,CD137,17B5,Mouse,TCCCTGTATAGATGA,
306627,0196,CD235ab,HIR2,Human,GCTCCTTTACACGTA,
104555,0197,CD69,H1.2F3,Mouse,TTGTATTCCGCCATT,
135055,0198,CD127,A7R34,Mouse,GTGTGAGGCACTCTT,
347129,0199,Siglec-8,7C9,Human,CTTCTCCTCAGCAAT,
105057,0200,CD86,GL-1,Mouse,CTGGATTTGTGTATC,
121445,0201,CD103,2E7,Mouse,TTCATTAGCCCGCTG,
139329,0202,CD64,X54-5/7.1,Mouse,AGCAATTAACGGGAG,
115951,0203,CD150,TC15-12F12.2,Mouse,CAACGCCTAGAAACC,
321145,0205,CD206,15-2,Human,TCAGAACGTCTAACT,
346023,0206,CD169,7-239,Human,TACTCAGCGTGTTTG,
353811,0207,CD370,8F9,Human,CTGCATTTCAGTAAG,
372615,0208,XCR1,S15046E,Human,AAGACGCATGTCAAC,
137715,0211,TCR Vγ2,UC3-10A6,Mouse,AAGCTGCACCGTAAT,
101847,0212,CD24,M1/69,Mouse,TATATCTTTGCCGCA,
352113,0213,Notch 1,MHN1-519,Human,AATCTGTAGTGCGTT,
321231,0214,Integrin β7,FIB504,Human and mouse,TCCTTGGATGTACCG,
316929,0215,CD268,11C1,Human,CGAAGTCGATCCGTA,
303943,0216,CD42b,HIP1,Human,TCCTAGTACCGAAGT,
353135,0217,CD54,HA58,Human,CTGATAGACTTGAGT,
304949,0218,CD62P,AK4,Human,CCTTCCGTATCCCTT,
308611,0219,CD119,GIR-208,Human,TGTGTATTCCCTTGT,
306747,0224,TCR α/β,IP26,Human,CGTAACGTAGAGCGA,
129827,0225,CD196,29-2L17,Mouse,CTCTCTGCATTCCTC,
105731,0226,CD106,429 (MVCAM.A),Mouse,CGTTCCTACCTACCT,
105913,0227,CD122,5H4,Mouse,GGTATGCGACACTTA,
126549,0228,CD183,CXCR3-173,Mouse,GTTCACGCCGTGTTA,
148311,0229,CD62P,RMP-1,Mouse,TGTGTGCCGTAGACT,
126637,0230,CD8b,YTS156.7.7,Mouse,TTCCCTCTATGGAGC,
141619,0231,H-2Kb bound to SIINFEKL,25-D1.16,Mouse,CGTTTATGGGATGGG,
120721,0232,MAdCAM-1,MECA-367,Mouse,TTGGGCGATTAAGAA,
345412,0233,Notch 3,MHN3-21,Human,CTATTGGACGTATCT,
333829,0234,CD68,Y1/82A,Human,CGGTGTTTGTAGCAA,
118417,0235,"TCR Vβ8.1, 8.2",KJ16-133.18,Mouse,ACTATCCGTTGTGCT,
400465,0236,Rat IgG1 κ,RTK2071,Isotype control,ATCAGATGCCCTCAT,
401925,0237,Rat IgG1 λ,G0114F7,Isotype control,GGGAGCGATTCAACT,
400581,0238,Rat IgG2a κ,RTK2758,Isotype control,AAGTCAGGTTCGTTT,
400979,0241,Rat IgG2c κ,HTK888,Isotype control,CCTGTCATTAAGACT,
357237,0242,CD192,K036C2,Human,GAGTTCCCTTACCTG,
305821,0245,CD106,STA,Human,TCACAGTTCCTTGGA,
339025,0246,CD122,TU27,Human,TCATTTCCTCCGATT,
311917,0247,CD267,1A1,Human,AGTGATGGAGCGAAC,
336021,0248,CD62E,HAE-1f,Human,CTCCCTGTGGCTTAA,
138435,0250,KLRG1,2F1/KLRG1,Human and mouse,GTAGTAGGCTAGACC,
394631,0251,Hashtag1,LNH-94; 2M2,Human,GTCAACTCTTTAGCG,
394633,0252,Hashtag2,LNH-94; 2M2,Human,TGATGGCCTATTGGG,
394635,0253,Hashtag3,LNH-94; 2M2,Human,TTCCGCCTCTCTTTG,
394637,0254,Hashtag4,LNH-94; 2M2,Human,AGTAAGTTCAGCGTA,
394639,0255,Hashtag5,LNH-94; 2M2,Human,AAGTATCGTTTCGCA,
394641,0256,Hashtag6,LNH-94; 2M2,Human,GGTTGCCAGATGTCA,
394643,0257,Hashtag7,LNH-94; 2M2,Human,TGTCTTTCCTGCCAG,
394645,0258,Hashtag8,LNH-94; 2M2,Human,CTCCTCTGCAATTAC,
394647,0259,Hashtag9,LNH-94; 2M2,Human,CAGTAGTCACGGTCA,
394649,0260,Hashtag10,LNH-94; 2M2,Human,ATTGACCCGCGTTAG,
328925,0262,Hashtag12,LNH-94; 2M2,Human,TAACGACCAGCCATA,
328913,0263,Hashtag13,LNH-94; 2M2,Human,AAATCTCTCAGGCTC,
328927,0264,Hashtag14,LNH-94; 2M2,Human,CTGTATGTCCGATTG,
328943,0265,Hashtag15,LNH-94; 2M2,Human,TAAGATTCAGAGCGA,
328915,0276,Hashtag16,LNH-94; 2M2,Human,CTCAGTGCATTCTGG,
328917,0277,Hashtag17,LNH-94; 2M2,Human,GCATTCTGTGCTATC,
328929,0278,Hashtag18,LNH-94; 2M2,Human,CAAACCAACAGTTCG,
328931,0279,Hashtag19,LNH-94; 2M2,Human,ACCCTTCCCTTCGTT,
328919,0280,Hashtag20,LNH-94; 2M2,Human,TAACCACTGGATGAT,
328933,0281,Hashtag21,LNH-94; 2M2,Human,ACGTTGTGCATTGAC,
328935,0282,Hashtag22,LNH-94; 2M2,Human,CAAGGTGGCCTGTAT,
328939,0284,Hashtag24,LNH-94; 2M2,Human,GGTTGTTGTTAGTGG,
328923,0296,Hashtag11,LNH-94; 2M2,Human,CGATTGTAGACCTTT,
328937,0297,Hashtag23,LNH-94; 2M2,Human,ACCTGCAACTCATTC,
155831,0301,Hashtag1,M1/42; 30-F11,Mouse,ACCCACCAGTAAGAC,
155833,0302,Hashtag2,M1/42; 30-F11,Mouse,GGTCGAGAGCATTCA,
155835,0303,Hashtag3,M1/42; 30-F11,Mouse,CTTGCCGCATGTCAT,
155837,0304,Hashtag4,M1/42; 30-F11,Mouse,AAAGCATTCTTCACG,
155839,0305,Hashtag5,M1/42; 30-F11,Mouse,CTTTGTCTTTGTGAG,
155841,0306,Hashtag6,M1/42; 30-F11,Mouse,TATGCTGCCACGGTA,
155843,0307,Hashtag7,M1/42; 30-F11,Mouse,GAGTCTGCCAGTATC,
155845,0308,Hashtag8,M1/42; 30-F11,Mouse,TATAGAACGCCAGGC,
155847,0309,Hashtag9,M1/42; 30-F11,Mouse,TGCCTATGAAACAAG,
155849,0310,Hashtag10,M1/42; 30-F11,Mouse,CCGATTGTAACAGAC,
113901,0311,Hashtag11,M1/42; 30-F11,Mouse,GCTTACCGAATTAAC,
113903,0312,Hashtag12,M1/42; 30-F11,Mouse,CTGCAAATATAACGG,
113905,0313,Hashtag13,M1/42; 30-F11,Mouse,CTACATTGCGATTTG,
113907,0314,Hashtag14,M1/42; 30-F11,Mouse,CTTTCGCCAACTCTG,
113909,0315,Hashtag15,M1/42; 30-F11,Mouse,CCCTCTCTGGATTCT,
113911,0316,Hashtag16,M1/42; 30-F11,Mouse,GATGTATCCGTTGTC,
113913,0317,Hashtag17,M1/42; 30-F11,Mouse,CTGCCGTTGTGCTAT,
113915,0318,Hashtag18,M1/42; 30-F11,Mouse,GAATTAAGAGCCGGA,
113941,0321,Hashtag21,M1/42; 30-F11,Mouse,CTTTAGTTCGTTGTG,
113945,0322,Hashtag22,M1/42; 30-F11,Mouse,GTGTTGTTCCCACAT,
113949,0323,Hashtag23,M1/42; 30-F11,Mouse,TTATTGGGCCGTATC,
113953,0324,Hashtag24,M1/42; 30-F11,Mouse,GCTGGAGTATATCCG,
113917,0325,Hashtag19,M1/42; 30-F11,Mouse,GAATTAGCTGTGCAA,
113919,0326,Hashtag20,M1/42; 30-F11,Mouse,CAAGTATCTGCCGTG,
313321,0351,CD135,BV10A4H2,Human,CAGTAGATGGAGCAT,
334649,0352,FcεRIα,AER-37 (CRA-1),Human,CTCGTTTCCGTATCG,
303747,0353,CD41,HIP8,Human,ACGTTGTGGCCTTGT,
309837,0355,CD137,4B4-1,Human,CAGTAAGTTCGGGAC,
347513,0356,CD254,MIH24,Human,TCCGTGTTAGTTTGT,
343215,0357,CD43,CD43-10G7,Human,GATTAACCAGCTCAT,
333639,0358,CD163,GHI/61,Human,GCTTCTCCTTCCTTA,
305343,0359,CD83,HB15e,Human,CCACTCATTTCCGGT,
371231,0360,CD357,108-17,Human,ACCTTTCGACACTCG,
304713,0361,CD59,p282 (H19),Human,AATTAGCCGTCGAGA,
359923,0362,CD309,7D4-6,Human,TTCACGCAGTAAGAT,
355017,0363,CD124,G077F6,Human,CCGTCCTGATAGATG,
301731,0364,CD13,WM15,Human,TTTCAACGCCCTTTC,
306541,0366,CD184,12G5,Human,TCAGGTCCTTTCAAC,
309233,0367,CD2,TS1/8,Human,TACGATTTGTCAGGG,
338339,0368,CD226,11A8,Human,TCTCAGTGTTTGTGG,
303033,0369,CD29,TS2/16,Human,GTATTCCCTCAGTCA,
354243,0370,CD303,201A,Human,GAGATGTCCGAATTT,
359321,0371,CD49b,P1E6-C5,Human,GCTTTCTTCAGTATG,
336431,0372,CD61,VI-PL2,Human,AGGTTGGAGTAGACT,
349525,0373,CD81,5A6,Human,GTATCCTTCCTTGGC,
315609,0374,CD98,MEM-108,Human,GCACCAACAGCCATT,
410729,0375,IgG Fc,M1310G05,Human,CTGGAGCGATTAGAA,
107021,0376,CD195,HM-CCR5,Mouse,ACCAGTTGTCATTAC,
120133,0377,CD197,4B12,Mouse,TTATTAACAGCCCAC,
125245,0378,CD223,C9B7W,Mouse,ATTCCGTCCCTAAGG,
202549,0380,CD90/CD90.1,OX-7,Mouse,AGTATGGGATGCAAT,
120509,0381,Panendothelial Cell Antigen,MECA-32,Mouse,CGTCCTAGTCATTGG,
315815,0382,CD177,MEM-166,Human,AGTATGGAGCCATAT,
311321,0383,CD55,JS11,Human,GCTCATTACCCATTA,
348247,0384,IgD,IA6-2,Human,CAGTCTCCGTAGAGT,
302131,0385,CD18,TS1/18,Human,TATTGGGACACTTCT,
302961,0386,CD28,CD28.2,Human,TGAGAACGACCCTAA,
322911,0387,TSLPR,1D3,Human,CAGTCCTCTCTGTCA,
106331,0388,CD152,UC10-4B9,Mouse,AGTGTTTGTCCTGGT,
303547,0389,CD38,HIT2,Human,TGTACCCGCTTGTGA,
351354,0390,CD127,A019D5,Human,GTGTGTTGTCCTATG,
304066,0391,CD45,HI30,Human,TGCAATTACCCGGAT,
323051,0392,CD15,W6D3,Human,TCACCAGTACCTAGT,
363523,0393,CD22,S-HCL-1,Human,GGGTTGTTGTCTTTG,
334127,0394,CD71,CY1G4,Human,CCGTGTTCCTCATTA,
358119,0395,B7-H4,MIH43,Human,TGTATGTCTGCCTTG,
302727,0396,CD26,BA5b,Human,GGTGGCTAGATAATG,
310737,0397,CD193,5E8,Human,ACCAATCCTTTCGTC,
347327,0398,CD115,9-4D2-1E4,Human,AATCACGGTCCTTGT,
371913,0399,CD204,7C9C20,Human,TAGCGAGCCAGATGT,
348523,0400,CD144,BV9,Human,TCCACTCATTCTGTA,
300143,0402,CD1a,HI149,Human,GATCGTGTTGTGTTA,
352211,0403,CD207,10E2,Human,CATTCTTCACGGGAT,
353049,0404,CD63,H5C6,Human,GAGATGTCTGCAACT,
354529,0406,CD304,12C2,Human,GGACTAAGTTTCGTT,
336233,0407,CD36,5-271,Human,TTCTTTGCCTTGCCA,
372113,0408,CD172a,15-414,Human,CGTGTTTAACTTGAG,
326417,0409,CD85g,17G10.2,Human,TGTCAGTTCCTATGA,
356639,0410,CD38,HB-7,Human,CCTATTCCGATTCCG,
848019,0415,P2RY12,S16007D,Mouse,TTGCTTATTTCCGCA,
147107,0416,CD300LG,ZAQ5,Mouse,CGGTCCGTATCATTT,
155311,0417,CD163,S15049I,Mouse,GAGCAAGATTAAGAC,
316213,0419,CD72,3F3,Human,CAGTCGTGGTAGATA,
339521,0420,KIR2DL1/S1/S3/S5,HP-MA4,Human,TATCAACCAACGCTT,
103529,0421,CD49b,HMα2,Mouse,CGCGTTAGTAGAGTC,
144043,0422,CD172a,P84,Mouse,GATTCCCTTGTAGCA,
123341,0424,CD14,Sa14-2,Mouse,AACCAACAGTCACGT,
150633,0426,CCR2,SA203G11,Mouse,AGTGCGATCTGCAAC,
391709,0427,Folate Receptor β,94b/FOLR2,Human,TGTGGCTAGTCAGTT,
354011,0428,Tim-4,9F4,Human,CGTCATATAGTATGG,
103457,0429,CD48,HM48-1,Mouse,AGAACCGCCGTAGTT,
371613,0430,CD171,L1-OV198.5,Human,GATGGACGACAATTC,
155517,0431,CD170,S17007L,Mouse,TCAATCTCCGTCGCT,
350825,0433,CD325,8C11,Human,CCTTCCCTTTCCTCT,
144213,0437,CD207,4C7,Human and mouse,CGATTTGTATTCCCT,
141511,0439,CD201,RCR-16,Mouse,TATGATCTGCCCTTG,
142429,0440,CD169,3D6.112,Mouse,ATTGACGACAGTCAT,
113829,0441,CD71,RI7217,Mouse,ACCGACCAGTAGACA,
130621,0442,Notch 1,HMN1-12,Mouse,TCCGGTCACTCAGTA,
133941,0443,CD41,MWReg30,Mouse,ACTTGGATGGACACT,
146521,0444,CD184,L276F12,Mouse,GTCGTGGTGTTGTTC,
853305,0445,TMEM119,A16075D,Human,TCGAACATTTCCAGG,
336125,0446,CD93,VIMD2,Human,GCGCTACTTCCTTGA,
329235,0447,CD200,OX-104,Human,CACGTAGACCTTTGC,
154705,0448,CD204,1F8C33,Mouse,AGCTAGACACGTTGT,
118247,0449,CD326,G8.8,Mouse,ACCCGCGTTAGTATG,
406545,0450,IgM,RMM-1,Mouse,AGCTACGCATTCAAT,
682235,0451,aNPC_Hashtag1,MAb414,Human and mouse,TTCCTGCCATTACTA,
682237,0452,aNPC_Hashtag2,MAb414,Human and mouse,CCGTACCTCATTGTT,
682239,0453,aNPC_Hashtag3,MAb414,Human and mouse,GGTAGATGTCCTCAG,
682277,0454,aNPC_Hashtag4,MAb414,Human and mouse,TGGTGTCATTCTTGA,
682279,0455,aNPC_Hashtag5,MAb414,Human and mouse,ATGATGAACAGCCAG,
682297,0456,aNPC_Hashtag6,MAb414,Human and mouse,CTCGAACGCTTATCG,
682241,0457,aNPC_Hashtag7,MAb414,Human and mouse,CTTATCACCGCTCAA,
682243,0458,aNPC_Hashtag8,MAb414,Human and mouse,TGACGCCGTTGTTGT,
682281,0459,aNPC_Hashtag9,MAb414,Human and mouse,GCCTAGTATGATCCA,
682249,0460,aNPC_Hashtag10,MAb414,Human and mouse,AGTCACAGTATTCCA,
682251,0461,aNPC_Hashtag11,MAb414,Human and mouse,TTGGCCTTTGTATCG,
682253,0462,aNPC_Hashtag12,MAb414,Human and mouse,AACGCCAGTATGAAC,
682255,0463,aNPC_Hashtag13,MAb414,Human and mouse,GCTTCCGTATATCTG,
682245,0464,aNPC_Hashtag14,MAb414,Human and mouse,AGCAACTCACTCTTT,
682247,0465,aNPC_Hashtag15,MAb414,Human and mouse,CACTAGAGCTTGGAT,
682287,0466,aNPC_Hashtag16,MAb414,Human and mouse,TCCAAACCGTAGAAA,
682289,0467,aNPC_Hashtag17,MAb414,Human and mouse,TGACCCTTCCTTCTC,
682293,0468,aNPC_Hashtag18,MAb414,Human and mouse,TGGTATCCCTATGCC,
682257,0469,aNPC_Hashtag19,MAb414,Human and mouse,TAGATGCGCCTTGGA,
682291,0470,aNPC_Hashtag20,MAb414,Human and mouse,AACCTACCTAGCAGG,
682259,0471,aNPC_Hashtag21,MAb414,Human and mouse,ACCCACTTCAGTTCG,
682261,0472,aNPC_Hashtag22,MAb414,Human and mouse,ACGCCGGTAGTATCT,
682299,0473,aNPC_Hashtag23,MAb414,Human and mouse,TTTACGACCTATTCC,
682263,0474,aNPC_Hashtag24,MAb414,Human and mouse,TATCGTCTCCGACTA,
145613,0551,CD301a,LOM-8.7,Mouse,TGTATTTACTCACCG,
145219,0552,CD304,3E12,Mouse,CCAGCTCATTCAACG,
136419,0553,CD309,Avas12,Mouse,ATAAGAGCCCACCAT,
102623,0555,CD36,HM36,Mouse,TTTGCCGCTACGACA,
102739,0557,CD38,90,Mouse,CGTATCCGTCTCCTA,
131817,0558,CD55,RIKO-3,Mouse,ATTGTTGTCAGACCA,
143927,0559,CD63,NVG-2,Mouse,ATCCGACACGTATTA,
137039,0560,CD68,FA-11,Mouse,CTTTCTTTCACGGGA,
132815,0561,CD79b,HM79-12,Mouse,TAACTCAGTGCGAGT,
121523,0562,CD83,Michel-19,Mouse,TCTCAGGCTTCCTAG,
149045,0563,CX3CR1,SA011F11,Mouse,CACTCTCAGTCCTAT,
153309,0564,Folate Receptor β,10/FR2,Mouse,CTCAGATGCCCTTTA,
151525,0565,MERTK,2B10C42,Mouse,AGTAGAGCAACTCGT,
146821,0566,CD301b,URA-1,Mouse,CTTGCCTTGCGATTT,
130025,0567,Tim-4,RMT4-54,Mouse,TGCTGGAGGGTATTC,
148231,0568,XCR1,ZET,Mouse,TCCATTACCCACGTT,
102239,0570,CD29,HMβ1-1,Mouse,ACGCATTCCTTGTGT,
405751,0571,IgD,11-26c.2a,Mouse,TCATATCCGTTGTCC,
135927,0573,CD140a,APA5,Mouse,GTCATTGCGGTCCTA,
349135,0574,CD235a,HI264,Human,AGAGTATGTATGGGA,
328323,0575,CD49a,TS2/7,Human,ACTGATGGACTCAGA,
304347,0576,CD49d,9F10,Human,CCATTCAACTTCCGG,
344033,0577,CD73,AD2,Human,CAGTTCCTCAGTTCG,
333517,0578,CD79a,HM47,Human,CTTATCACCCGCTTT,
312123,0579,CD9,HI9a,Human,GAGTCACCAATCTGC,
351737,0581,TCR Vα7.2,3C10,Human,TACGAGCAGTATTCA,
331437,0582,TCR Vδ2,B6,Human,TCAGTCAGATGGTAT,
331325,0583,TCR Vγ9,B3,Human,AAGTGATGGTATCTG,
342933,0584,TCR Vα24-Jα18,6B11,Human,AACTTCTGTGGTAGC,
314917,0586,CD354,TREM-26,Human,TAGCCGTTTCCTTTG,
138609,0589,Ly-6D,49-H4,Mouse,ATGTCCTACCTCAAA,
342811,0590,CD305,NKTA255,Human,ATTTCCATTCCCTGT,
358615,0591,LOX-1,15C4,Human,ACCCTTTACCGAATA,
312621,0592,KIR2DL2/L3/S2,DX27,Human,GACCCGTAGTTTGAT,
324633,0593,CD203c,NP4D6,Human,TAACCGTACCTGCAT,
394017,0594,CD133,S16016B,Human,GTAAGACGCCTATGC,
101133,0595,CD11a,M17/4,Mouse,AGAGTCTCCCTTTAG,
136215,0596,ESAM,1G8/ESAM,Mouse,TATAGTTTCCGCCGT,
330125,0597,CD209,9E9A8,Human,TCACTGGACACTTAA,
393719,0598,CD110,S16017E,Human,TGTTGTAAGATGCCA,
312727,0599,KIR3DL1,DX9,Human,GGACGCTTTCCTTGA,
325235,0801,CD337,P30-15,Human,AAAGTCACTCTGCCG,
308219,0803,CD253,RIK-2,Human,GCCATTCCTGCCTAA,
356025,0804,CD186,K041E5,Human,GACAGTCGATGCAAC,
337115,0805,CD226,TX25,Human,AGACCAACTCATTCA,
123921,0807,CD200R,OX-110,Mouse,ATTCTTTCCCTCTGT,
144529,0808,CD193,J073E5,Mouse,TAGAACCGTATCCGT,
142536,0810,CD138,281-2,Mouse,GCGTTTGTATGTACT,
127041,0811,CD317,927,Mouse,TGTGGTAGCCCTTGT,
120433,0812,CD105,MJ7/18,Mouse,TATCCCTGCCTTGCA,
124823,0813,CD9,MZ3,Mouse,TAGCAGTCACTCCTA,
342215,0814,CD205,HD30,Human,CTATCGTTTGATGCA,
341509,0815,CCR10,6588-5,Human,ATCTGTATGTCACAG,
345129,0816,CD271,ME20.4,Human,AACCGCGCTTCAGAT,
323311,0817,CD109,W7C5,Human,CACTTAACTCTGGGT,
363427,0818,CD18,m24,Human,GCGATTCATGTCACG,
352817,0819,CD126,UV4,Human,TGATGGGAGCTTATC,
362013,0820,CD130,2E1B02,Human,CACGAGAATTTCAGT,
324811,0821,CD164,67D2,Human,GAGGCACTTAACATA,
365209,0822,CD142,NY2,Human,CACTGCCGTCGATTA,
152213,0823,CD34,SA376A4,Mouse,AAACTCAGGTCCTTC,
148715,0824,P2X7R,1F11,Mouse,TGCTTCATTCATGTG,
143411,0825,CD371,5D3/CLEC12A,Mouse,GCGAGAAATCTGCAT,
374415,0826,CD307c/FcRL3,H5/FcRL3,Human,GCCTAGTTTGAACGC,
126117,0827,CD22,OX-97,Mouse,AGGTCCTCTCTGGAT,
340215,0828,CD307d,413D12,Human,CGATTTGATCTGCCT,
340311,0829,CD307e,509f6,Human,TCACGCAGTCCTCAA,
331825,0830,CD319,162.1,Human,AGTATGCCATGTCTT,
352329,0831,CD138,DL-101,Human,GTATAGACCAAAGCC,
131223,0833,CD194,2G12,Mouse,TTCATGTGTTTGTGC,
130221,0835,CD314,CX5,Mouse,GAGGCTTATCATTTC,
144417,0836,DR3,4C12,Mouse,GCTTGGGCAATTAAG,
145329,0837,IL-33Rα,DIH9,Mouse,GCGATGGAGCATGTT,
144721,0839,Ly49H,3D10,Mouse,CCAGTAGGCTTATTA,
137407,0840,Ly49G,AT8,Mouse,CGTATCTGTCATTAG,
138313,0841,Ly49D,4E5,Mouse,TATATCCCTCAACGC,
116815,0842,Ly-49A,YE1/48.10.6,Mouse,AATTCCGTCAGATGA,
358923,0843,CD199,L053E8,Human,ATTCCTCATTCCTGA,
310213,0844,CD45RB,MEM-55,Human,AGATGGGACTCACCA,
371323,0845,CD99,3B2/TA8,Human,ACCCGTCCCTAAGAA,
145539,0846,CD185,L138D7,Mouse,ACGTAGTCACCTAGT,
117425,0847,CD278,7E.17G9,Mouse,ACTGCCATATCCCTA,
142117,0848,TIGIT,1G9,Mouse,GAAAGTCGCCAACAG,
104757,0849,CD80,16-10A1,Mouse,GACCCGGTGTCATTT,
142617,0850,CD49a,HMα1,Mouse,CCATTCATTTGTGGC,
123535,0851,CD1d,1B1,Mouse,CAACTTGGCCGAATC,
353619,0853,CD371,50C1,Human,CATTAGAGTCTGCCA,
128715,0854,CD199,CW-1.2,Mouse,CCCTCTGGTATGGTT,
128625,0857,CD34,HM34,Mouse,GATTCCTTTACGAGC,
350413,0861,CD151,50-6,Human,CTTACCTAGTCATTC,
313819,0862,CD218a,H44,Human,TTGTTGTATCCGATC,
366515,0863,CD257,1D6,Human,CAGAGCACCCATTAA,
317215,0864,CD352,NT-7,Human,AGTTTCCACTCAGGC,
372013,0866,CLEC1B,AYP1,Human,TGCCAGTATCACGTA,
305527,0867,CD94,DX22,Human,CTTTCCGGTCCTACA,
325523,0868,IgE,MHE-18,Human,GGATGTACCGCGTAT,
306319,0870,CD150,A12 (7D4),Human,GTCATTGTATGTCTG,
328823,0871,CD162,KPL-1,Human,ATATGTCAGAGCACC,
326015,0872,CD84,CD84.1.21,Human,CTCCCTAGTTCCTTT,
117621,0875,CD284,MTS510,Mouse,GCAGTTGTCCGATTC,
128511,0877,JAML,4E10,Mouse,GTTATGGTTCGTGTT,
147409,0880,GITR Ligand,5F1,Mouse,GTATTCCGCACCTAT,
139129,0881,CD272,6A6,Mouse,TGACCCTATTGAGAA,
137813,0883,CD26,H194-112,Mouse,ATGGCCTGTCATAAT,
128319,0884,DLL1,HMD1-3,Mouse,AGACCTCCTTACGAT,
130917,0887,CD339,HMJ1-29,Mouse,TAGTATGCTGGAGCG,
128419,0888,Notch 4,HMN4-14,Mouse,GTACTTAACGTCATC,
316535,0894,Ig light chain κ,MHK-49,Human,AGCTCAGCCAGTATG,
125425,0895,Mac-2,M3/38,Human and mouse,GATGCAATTAGCCGG,
333727,0896,CD85j,GHI/75,Human,CCTTGTGAGGCTATG,
338527,0897,CD23,EBVCS-5,Human,TCTGTATAACCGTCT,
316633,0898,Ig light chain λ,MHL-38,Human,CAGCCAGTAAGTCAC,
343335,0899,HLA-A2,BB7.2,Human,GAACATTTCCGACAA,
360611,0900,CD198,L263G8,Human,AGCCCGGATGTATTT,
352519,0901,GARP,7B11,Human,AGGTATGGTAGAGTA,
339219,0902,CD328,6-434,Human,CTTAGCATTTCACTG,
124639,0903,CD40,3/23,Mouse,ATTTGTATGCTGGAG,
102451,0904,CD31,390,Mouse,GCTGTAGTATCATGT,
121639,0905,CD107a,1D4B,Mouse,AAATCTGTGCCGTAC,
131717,0906,CD96,3.3,Mouse,CTGGTATGCGATTAA,
150331,0907,CD198,SA214G2,Mouse,ATCTCCGTTGTGCGA,
362415,0908,TCR Vβ13.1,H131,Human,TTATGGACGTATGGT,
149321,0909,CD182,SA044G4,Mouse,TTTCCTTGTAGAGCG,
104329,0910,CD61,2C9.G2 (HMβ3-1),Mouse,TTCTTTACCCGCCTG,
408113,0911,PE,PE001,Epitope,TGACCAGTTCCGCAT,
358211,0912,GPR56,CG4,Human and mouse,GCCTAGTTTCCGTTT,
347013,0913,KIR2DL4,mAb 33 (33),Human,TTAGCCCGTAGACCA,
150221,0915,VISTA,MIH63,Mouse,ACATTTCCCTTGCCT,
144815,0916,CD124,I015F8,Mouse,GAACCGTAGTATAAC,
152621,0917,CD95 ,SA367H8,Mouse,CACATCGTTTGTGTA,
342621,0918,HLA-E,3D12,Human,GAGTCGAGAAATCAT,
320925,0919,MICA/MICB,6D4,Human,CCCGCAGTATAACGA,
342117,0920,CD82,ASL-24,Human,TCCCACTTCCGCTTT,
317457,0922,CD4,OKT4,Human,GCGATCCCTTGAGAT,
346715,0923,NKp80,5D12,Human,TATAGTTCCTCTGTG,
108825,0924,CD252,RM134L,Mouse,TCTCAGAACAGCCCT,
109321,0925,CD253,N2B2,Mouse,CCCTTTCCGATTCAA,
151131,0926,CXCR6,SA051D1,Mouse,TGTCAGGTTGTATTC,
142815,0927,CD159a,16A11,Mouse,GTGTTTGTGTTCCTG,
134615,0930,Ly108,330-AJ,Mouse,CGATTCTTTGCGAGT,
306107,0931,CD131,1C1,Human,CTGCATGAGACCAAA,
347409,0934,CD179a,HSL96,Human,TAGATGGGATTCCGG,
326817,0935,CD74,LN2,Human,CTGTAGCATTTCCCT,
305919,0940,CD116,4H1,Human,ATGGACAGTTCGTGT,
356309,0941,CD37,M-B371,Human,ACAGTCACTGGGCAA,
501127,0942,IL-6,MQ2-13A5,Human,GTAGATGTCAGAGCG,
502321,0943,GM-CSF,BVD2-21C11,Human,AATTCCTTTAGCCCA,
331019,0944,CD101,BB27,Human,CTACTTCCCTGTCAA,
502957,0945,TNF-α,MAb11,Human,CCTATGAACGTAACG,
405377,0951,Biotin,,Epitope,AACCTTTGCCACTGC,
405287,0952,Biotin,,Epitope,GTCCGACTAATAGCT,
405289,0953,Biotin,,Epitope,CAGGTTGTTGTCATT,
405291,0954,Biotin,,Epitope,TATTTCCACCCGGTC,
405149,0955,Biotin,,Epitope,GTTGTGAGCACGAGA,
405369,0975,Biotin,,Epitope,TGCCAGCCCTTTGTA,
408009,0987,APC,APC003,Epitope,TTAACCGTCTCCCTT,
408315,0988,FITC,FIT-22,Epitope,TTTGTGTTGTGGTAC,
128219,0989,CD98,RL388,Mouse,TCCTTCCTTTGTAGC,
506543,1003,IFN-γ,B27,Human,CCAAACCGTTTCGTT,
500357,1005,IL-2,MQ1-17H12,Human,TATTCCTCCGACCCT,
144911,1007,CD85k,H1.1,Mouse,ATGTCAACTCTGGGA,
104115,1008,CD51,RMV-7,Mouse,GGAGTCAGGGTATTA,
138225,1010,CD205,NLDC-145,Mouse,CATATTGGCCGTAGT,
131535,1011,CD155,TX56,Mouse,TAGCTTGGGATTAAG,
343919,1015,CD166,3A6,Human,CATAAGATTCCGAGC,
140211,1016,CD157,BP-3,Mouse,AGAGCAATTTCAGGG,
361721,1018,"HLA-DR, DP, DQ",Tü39,Human,AGCTACGAGCAGTAG,
131015,1022,Jagged 2,HMJ2-1,Mouse,CACTTCCTATGATGC,
358421,1024,CD120b,3G7A02,Human,GCGCAACTCCTTGTA,
326111,1026,CD229,HLy-9.1.25,Human,ATAGAACCCAACTTC,
342519,1027,PSMA,LNI-17,Human,CTAGATAACGACCGA,
123619,1028,CD104,346-11A,Mouse,GTGATCCCTGGTATT,
127537,1031,CD47,miap301,Mouse,GAGATGTCTTTCGCC,
112715,1032,CD210,1B1.3a,Mouse,CACCAACGCTTCAAG,
127431,1035,Podoplanin,8.1.1,Mouse,GGGCGATTTAGTGTG,
141219,1037,CD133,315-2C11,Mouse,CTAGACCCTTCCCTT,
345813,1038,C3aR,hC3aRZ8,Human,TAATGCCCTTTCCTT,
330719,1039,TRA-1-81,TRA-1-81,Human,GCACTTCATTCAGTG,
135821,1042,CD88,20/70,Mouse,GCAGTCCTACATTGA,
151013,1043,CD74,In1/CD74,Mouse,AGCACCCGACATTTC,
357825,1044,ROR1,2A2,Human,AACCTAAGAGCCCGT,
341217,1045,CD160,BY55,Human,GGCTAGAAATCAACG,
344325,1046,CD88,S5/1,Human,GCCGCATGAGAAACA,
373211,1047,HLA-F,3D11/HLA-F,Human,GCAACTCTCCTACCT,
347611,1050,Siglec-10,5G6,Human,AAACCAAAGCACCTA,
374307,1051,Podocalyxin,mAb 84,Human,GAGCCGGTATAATGC,
394309,1052,CD224,KF29,Human,CTGATGAGATGTCAG,
372507,1053,MS4A4A,5C12/MS4A4A,Human,CCCTAAACCGTCTCT,
318715,1056,CD258,T5-39,Human,ACTTCCCTGTAGAAA,
307109,1057,DR3,JD3,Human,GAGTTCCCTCAGTTC,
361507,1059,HLA-DQ,Tü169,Human,TTCACCGTAGTACGA,
104919,1064,CD81,Eat-2,Mouse,TTGTCACCAACTTCC,
507223,1099,Granzyme A,CB9,Human,ACGAATTTGTCAGAC,
396429,1116,Granzyme B,QA18A28,Human and mouse,GCGTGTTGTGGTATT,
699009,1124,NTAL,W15102A,Human,ATCAGCCGAATCATG,
340517,1125,CD20,1412,Human,TCGCGCTTAACCGTT,
637333,1129,DYKDDDDK,L5,Epitope,ATAGTACGACCCGAT,
901539,1131,HA.11,16B12,Epitope,TTGTGAGGCTTCTCT,
362625,1132,His Tag,J095G46,Human and mouse,GATATTCCCACCAAA,
329319,1143,CD200R,OX-108,Human,TTGGCACTTCTCTCA,
512339,1148,IL-17A,BL168,Human,GGATTAGAGCAGAAA,
500843,1149,IL-4,MP4-25D2,Human,TCACAGTACCTACAC,
501825,1150,IL-12/IL-23 p40,C11.5,Human,CCACATCGTGGTAGT,
507615,1151,IL-9,MH9A4,Human,TCCGGTAGATGATCT,
508209,1153,IL-1β,JK1B-1,Human,AATTTCCGCCTTACG,
511423,1154,IL-8,E8N1,Human,AAGATGCCCTATGGT,
516705,1158,IL-21,4BG1,Human,GCGGTCAGTAGATGA,
659611,1160,IL-31,1D10B31,Human,CGAGGGTATAGACCA,
501429,1164,IL-10,JES3-9D7,Human,TAACCGCCGTCTCTA,
511711,1166,IL-1β,H1b-98,Human,GTACCTATTCCACTT,
308823,1170,CD210,3F9,Human,TCCCTAGTAGTATAG,
399719,1171,TGF-β Receptor II,W17055E,Human,ATTTCAGGGCCGGTA,
394217,1172,IL12RB2,S16020B,Human,TCCCTCAGCGATTTA,
658715,1180,Bcl-2,100,Human,TAGTATGCGCCTAGC,
307409,1182,CD262,DJR2-4 (7-8),Human,TTGGCCTGTAGAAAT,
307211,1183,CD261,DJR1,Human,GCCCTTCCTCATTTC,
357907,1243,CXCL9,J1015E10,Human,ACAGCCCTACACGTA,
300013,1244,LAP,S20006A,Human,AACTTCACCTCCTAG,
372411,1247,HLA-B7,BB7.1,Human,GGCTTGGATTCATTT,
333017,1248,CD85k,ZM4.1,Human,GCCGTATCTCCTTAC,
338715,1249,CD85d,42D1,Human,AACGACGTAGATAGG,
355613,1250,CD227,16A,Human,CCGAATAATTTCAGC,
329411,1251,CD231,SN1a (M3-3D9),Human,AAGTTCAGGCTCATA,
363711,1253,TSPAN8,TAL69,Human,AGTCGCCAGTAGTGA,
324021,1254,CD318,CUB1,Human,CTTTCCACTGGATTA,
158509,1258,CD321,90G4,Mouse,AACCTAGTTCCGGTG,
362923,1261,CD191,5F10B29,Human,CCTTTCCGACATTGG,
133407,1266,CD267,8F10,Mouse,ACGAATTAGAACGAC,
328409,1268,CD100,A8,Human,GTGGAGTACCCGATT,
346111,1269,CD114,LMM741,Human,GTTTCCGTCATATAG,
320725,1273,CXCR2,5E8/CXCR2,Human,CTGCCCTTCTGTCAA,
325711,1274,CD53,QA19A07,Human,TAGCCGGTGTGTTGT,
373111,1277,CD312,W15101A,Human,GGATGTACCTATGGT,
351521,1280,Siglec-9,K8,Human,CGATGGTCCGAGAAT,
158025,1281,CD16,S17014E,Mouse,ACAGTCCTGATAGAT,
833009,1282,CD209a,MMD3,Mouse,GTCCTCCTATTCTTC,
121227,1284,CD43,1B11,Mouse,AGAAACCGCCCTCAT,
153013,1285,CD282,QA16A01,Human and mouse,GAGTAGACCTAGAA,
145411,1286,CD284,SA15-21,Mouse,GAAATCAGAGCCAGT,
136117,1288,Galectin-9,RG9-35,Mouse,ATCCCTGTCAACCGA,
317363,1289,CD3,OKT3,Human,GATGTATTCCTTCGT,
300345,1290,CD3,HIT3a,Human,CCGAGAACAGACCAA,
398331,1293,CD32B/C,S18005H,Human,AGCTAGTAGTCATTG,
391411,1294,CXCR7,10D1-J16,Human,GAATTTCCCTTTGTC,
392315,1295,CD282,W15145C,Human,CTTCCGTCACTCCTA,
328017,1296,CD49e,NKI-SAM-1,Human,CTTGCGATTGTGTGT,
373021,1298,GPR15,SA302A10,Human,ATGATCTGTGCCGGA,
116427,1367, I-Ab,AF6-120.1,Mouse,CACGCCATGTATCAC,
336319,1373,CD97,VIM3b,Human,TTAACCCGTCGATTT,
375129,1374,NKG2A,S19004C,Human,CAACTCCTGGGACTT,
375011,1375,NKG2C,S19005E,Human,ATTCCTGCGCCTAAA,
339117,1377,CD355,Cr24.1,Human,GTATTCCGTTTATGG,
372313,1451,CD217,W15177A,Mouse,CTGTGCTATAACGTA,
364209,1453,CD222,QA19A18,Human,GCTTTCCTACCTACG,
301509,1454,CD112R,W16216D,Human,CAAGACCCGATTTGT,
357329,1456,Ganglioside GD2,14G2a,Human,TACGCAACTTCATTG,
379105,1458,CD248,B1/35,Human,TCAACAGTCAGTTCT,
360309,1461,CD213a2,47,Human,ACTAGAGCACCATGC,
147321,1465,CD324,DECMA-1,Human and mouse,TAGCTTGAGAACAGT,
330423,1467,SSEA-4,MC-813-70,Human,TTTCCCGGTATGCGA,
329111,1468,CD1b,SN13 (K5-1B8),Human,AGATTCAGTCAACTC,
324711,1469,erbB3/HER-3,1B4C3,Human,AGTTTCCTCCGAATT,
