gene_id;probe_seq;probe_id;included;region;gene_name
HHV4_BZLF1;GTTAGCTGGCCTTGTGGCAGAGGCTCTGGCAGCACCGGCCACAGCACACA;HHV4_BZLF1|BZLF1|8a39b06;TRUE;spliced;HHV4_BZLF1
HHV4_BZLF1;CAGAAGTCGAGTTTGGGTCCATCATCTTCAGCAAAGATAGCAAAGGTGGC;HHV4_BZLF1|BZLF1|0876554;TRUE;spliced;HHV4_BZLF1
HHV4_BZLF1;GGATAATGGAGTCAACATCCAGGCTTGGGCACATCTGCTTCAACAGGAGG;HHV4_BZLF1|BZLF1|0c07d22;TRUE;spliced;HHV4_BZLF1
HHV4_EBNA-2;CTGATGAAGACCGAGGACTGGACTTAGTTCAGGCATGCTAGGACTGGAGG;HHV4_EBNA-2|EBNA-2|f0b4db3;TRUE;spliced;HHV4_EBNA-2
HHV4_EBNA-2;GAACCGCTTACCACCTCCTCTTCTTGCTGGACGAGGACCCTTCTACGGAC;HHV4_EBNA-2|EBNA-2|c1d5403;TRUE;spliced;HHV4_EBNA-2
HHV4_EBNA-2;AGAGAATGGGAGCCTCTGGGCTATTATGGGACTCCGGTTCATGTATTGGT;HHV4_EBNA-2|EBNA-2|26447b4;TRUE;spliced;HHV4_EBNA-2
HHV4_LMP-1;TAGCGGGAGATGTTATCCACACCATCCCAATTCACATCTCAGGGACAACA;HHV4_LMP-1|LMP-1|1cba677;TRUE;spliced;HHV4_LMP-1
HHV4_LMP-1;CATTCCCAGTAAATGGAGGGAGAGTCAGTCAGGCAAGCCTATGACATGGT;HHV4_LMP-1|LMP-1|bff10b8;TRUE;spliced;HHV4_LMP-1
HHV4_LMP-1;TTCTTCTGAAGGAACGGCGGAGAGTAGCGTAGAATCCAGCCAGTGGTCTA;HHV4_LMP-1|LMP-1|3aff02c;TRUE;spliced;HHV4_LMP-1
HHV4_BHLF1;GGTCGCTGCATCCGCCGGTAGGGTTCGAATGGGCGTGGTCCGCTTGCTCT;HHV4_BHLF1|BHLF1|4dfa621;TRUE;spliced;HHV4_BHLF1
HHV4_BHLF1;CCGCTTGCCTGGTCCTGGAGCTCATCCGGGGATGCTGCATCCGCTAGTCC;HHV4_BHLF1|BHLF1|6a7a67e;TRUE;spliced;HHV4_BHLF1
HHV5_gp108;CAGGCTTGGTTATCAGAGGCCGCTTGGCCAGCATCACACTAGTCTCCTCT;HHV5_gp108|UL123|38a55f1;TRUE;spliced;HHV5_UL123
HHV5_gp108;GGGCCCTCGTCAGGATTATCAGGGTCCATCTTTCTCTTGGCAGAGGACTC;HHV5_gp108|UL123|dc805f2;TRUE;spliced;HHV5_UL123
HHV5_gp108;CTCTTCCTCTGAGGCAACTTCCTCTATCTCAGACACTGGCTCAGACTTGA;HHV5_gp108|UL123|da578b2;TRUE;spliced;HHV5_UL123
HHV5_gp166;GAAGTCACGCGTACGCCTCTGGTGTGGCGCGGTGTCGTGACAGGAGAGTG;HHV5_gp166|RNA2.7|d36c420;TRUE;spliced;HHV5_RNA2.7
HHV5_gp166;CGGATGAAGATGTTGCGATGCGGTTGTTGTTGGTGTTGCTATACACCGAG;HHV5_gp166|RNA2.7|6bc2753;TRUE;spliced;HHV5_RNA2.7
HHV5_gp166;CATCTACCTATACGGAGATCGCGGTCCTCGCCATGAGGATCGCGACAGGC;HHV5_gp166|RNA2.7|e9ba5cf;TRUE;spliced;HHV5_RNA2.7
HHV5_gp027;AGCCACCGTCAAGGTCACGGCTAGTAAGCTCAAGATCCATAGCCTCCGAG;HHV5_gp027|UL22A|6d3086d;TRUE;spliced;HHV5_UL22A
HHV5_gp027;CTTGTGTTCGTCGGTCTTCTCTTGTGGTTGCTGATGGTTACCTCCATCTG;HHV5_gp027|UL22A|b91f115;TRUE;spliced;HHV5_UL22A
HHV5_gp158;CGACACACCTCGTCGGACAGCGTGTCGGAAGATGTCTCTCTTCGACTCGG;HHV5_gp158|US28|1e716e6;TRUE;spliced;HHV5_US28
HHV5_gp158;ATCGCCGGAGCATTGAATCCGACGTCGCCAGGTGATGGTGAAGATCACCA;HHV5_gp158|US28|3696dc3;TRUE;spliced;HHV5_US28
HHV5_gp158;TCGTAGTCAAACTCCGTCGTGAGTTCCGCGGTCGTCGTCGTCGGTGTCAT;HHV5_gp158|US28|b7c65fe;TRUE;spliced;HHV5_US28
HHV5_gp124;CTAGATAGCAGAGAATGGCCACGATCAGCACGAGCATCACGCCGATGATG;HHV5_gp124|UL138|18f6d4b;TRUE;spliced;HHV5_UL138
HHV5_gp124;GATAATGTACCATGGCTACGGTGGTGAACTGCGTCGCGGATCCCGTCACG;HHV5_gp124|UL138|4c23859;TRUE;spliced;HHV5_UL138
HHV5_gp124;GCGTAGCTGCACTGGGAAGACACTTCCTCCCAACGGACCAAGATCTCATC;HHV5_gp124|UL138|94abf6f;TRUE;spliced;HHV5_UL138
HHV5_gp041;AACGAGCCCGTCCGAGCTCGCAGCTTCTGGCGAACACCCTCCACGTCATC;HHV5_gp041|UL36|9d0569f;TRUE;spliced;HHV5_UL36
HHV5_gp041;AGGTGATGCGCGGCACGGTACGGATCATGAGCTCCATGGTCTGGATGCTG;HHV5_gp041|UL36|496affa;TRUE;spliced;HHV5_UL36
HHV5_gp041;ACGTGCAGCCGGGTGCCGCATTCCTGCTCCAGAAAGTCGTTGAGACCGTT;HHV5_gp041|UL36|19207c0;TRUE;spliced;HHV5_UL36
HHV6_gp091;AAATGTCTTGTTGTCCAGACCCGGTCTCTACAACTACTGAGTCGGGTTGA;HHV6_gp091|U90|1740db5;TRUE;spliced;HHV6_U90
HHV6_gp091;GCCTCTTTGGATTTCCCTGGCACATCTGGAGAAGGAGTGTCTGGATACAT;HHV6_gp091|U90|77aa524;TRUE;spliced;HHV6_U90
HHV6_gp091;CAGCCTTCACTGATGCACCAATACTTTGGATGCAATTGCCAACGGACTGA;HHV6_gp091|U90|318e8b1;TRUE;spliced;HHV6_U90
HHV6_gp047;ATCTAGCCGTGACGTGTGCCAATCTGGCGACCTCGGCAACCTCATAATGA;HHV6_gp047|U38|93a6639;TRUE;spliced;HHV6_U38
HHV6_gp047;GCCAACCTTCTAATGACGCTAAGGTGAGCCAGATTCGGCTGCTTATATGC;HHV6_gp047|U38|e7e9421;TRUE;spliced;HHV6_U38
HHV6_gp047;ATCTCCGCCTTCACTTCTCGTCTCTTGGCCAGCCAGTCCTTTAGTAGACT;HHV6_gp047|U38|06d9430;TRUE;spliced;HHV6_U38
HHV6_gp096;AGAGATGATTTCGGGTAGCGTTCGTCTTCTGGGCGTAGGATTTGTACCGT;HHV6_gp096|U100|ae30388;TRUE;spliced;HHV6_U100
HHV6_gp096;ATAGGGACGTATGCGTCAACGACGTCCTGCCACGGTTCGAAATACTCAGT;HHV6_gp096|U100|10fcc3e;TRUE;spliced;HHV6_U100
HHV6_gp096;TAGCATTCGACAGGGCTGTCGCCATGGAAATCGCGCACACGAGTATCGGC;HHV6_gp096|U100|c930278;TRUE;spliced;HHV6_U100
HHV7_gp84;CATTGAGCAGACGACTGGGTGTATTGCTCACGTCTTTCCCAACGGTGGCG;HHV7_gp84|U100|c35301a;TRUE;spliced;HHV7_U100
HHV7_gp84;GATGGTTGTCTCTGTCCAGGGATGTTCTGACCATCGCCACGCGTATGTCG;HHV7_gp84|U100|962862e;TRUE;spliced;HHV7_U100
HHV7_gp84;GTCTTTTCGGACGATTGCCAGTGATATTTGTGTCCGAAAGGCTATTCCGC;HHV7_gp84|U100|8a57d30;TRUE;spliced;HHV7_U100
HHV7_gp86;GGATCGTGGTCTGTATACCACAGTTGGCAGCTGACGCCGGTGTGAGTCTG;HHV7_gp86|DR6|aa38058;TRUE;spliced;HHV7_DR6
HHV7_gp86;TCGTGGTGAAGTTCCAGGCTCCAGTTAGGCGGCCATGGCAATGCTACGAG;HHV7_gp86|DR6|b577b0d;TRUE;spliced;HHV7_DR6
HHV7_gp86;CGCGAATTCGGTCACACTGCTGGCTAGGCGGCACAGTCGCGCCGTTCTCA;HHV7_gp86|DR6|ecb2584;TRUE;spliced;HHV7_DR6
HHV7_gp09;CTCGCCAATTTCCGCTCTTTCTTCTGTGGTAAGATTGACGTAATCGGCTG;HHV7_gp09|U11|c8964e9;TRUE;spliced;HHV7_U11
HHV7_gp38;ACGCCCAAGACATGTGACAGAAGCTGCTATTGCCACACATGGAAGTAAGC;HHV7_gp38|U38|fc38679;TRUE;spliced;HHV7_U38
HHV7_gp38;TTCTCGGTTCCGAGTCACAAAGAGTCTTCATTAAGCCGGGTGCTCCATCG;HHV7_gp38|U38|68222e2;TRUE;spliced;HHV7_U38