catalogue_number,ID,marker,clone,reactivity,barcode
100569,0001,CD4,RM4-5,Mouse,AACAAGACCCTTGAG
100773,0002,CD8a,53-6.7,Mouse,TACCCGTAATAGCGT
119729,0003,CD366,RMT3-23,Mouse,ATTGGCACTCAGATG
109123,0004,CD279,RMP1-30,Mouse,GAAAGTCAAAGCACT
305239,0005,CD80,2D10,Human,ACGAATCAATCTGTG
305443,0006,CD86,IT2.2,"Human,Cynomolgus,Rhesus",GTCTTTGTCAGTGCA
329743,0007,CD274,29E.2A3,Human,GTTGTCCGACAATAC
329619,0008,CD273,24F.10C12,Human,TCAACGCTTGGCTAG
309413,0009,CD275,2D3,Human,GTGCATTCAACAGTA
331607,0010,CD276,DCN.70,Human,GACTGGGAGGGTATT
105843,0012,CD117,2B8,Mouse,TGCATGTCATCGGTG
128047,0013,Ly-6C,HK1.4,Mouse,AAGTCGTGAGGCATG
101265,0014,CD11b,M1/70,"Both,Cynomolgus,Rhesus",TGAAGGCTCATTTGT
127655,0015,Ly-6G,1A8,Mouse,ACATTGACGCAACTA
318813,0020,CD270,122,Human,TGATAGAAACAGACC
337623,0023,CD155,SKII.4,Human,ATCACATCGTTGCCA
337417,0024,CD112,TX31,Human,AACCTTCCGTCTAAG
323129,0026,CD47,CC2C6,Human,GCATTCTGTCACCTA
355117,0027,CD70,113-16,Human,CGCGAACATAAGAAG
333913,0028,CD30,BY88,Human,TCAGGGTGTGCTGTA
336709,0029,CD48,BJ40,Human,CTACGACGTAGAAGA
334346,0031,CD40,5C3,"Human,Cynomolgus,Rhesus",CTCAGATGGAGTATG
310843,0032,CD154,24-31,Human,GCTAGATAGATGCAA
316017,0033,CD52,HI186,Human,CTTTGTACGAGCAAA
300475,0034,CD3,UCHT1,Human,CTCATTGTAACTCCT
344649,0045,CD4,SK3,Human,GAGGTTAGTGATGGA
344751,0046,CD8,SK1,"Human,Cynomolgus,Rhesus",GCGCAACTTGATGAT
362557,0047,CD56,5.1H11,Human,TCCTTTCCTGATAGG
368543,0048,CD45,2D1,Human,TCCCTTGCGATTTAC
344847,0049,CD3,SK7,Human,TATCCCTTGGGATGG
302259,0050,CD19,HIB19,Human,CTGGGCAATTACTCG
367131,0051,CD14,63D3,Human,CAATCAGACCTATGA
366629,0052,CD33,P67.6,Human,TAACTCAGGGCCTAT
371519,0053,CD11c,S-HCL-3,Human,TACGCCTATAACTTG
343537,0054,CD34,581,Human,GCAGAAATCTCCCTT
356533,0055,CD138,MI15,Human,ACTCTTTCGTTTACG
357521,0056,CD269,19F2,Human,CAGATGATCCACCAT
316321,0057,B2M,2M2,Human,CAGCCCGATTAAGGT
311445,0058,"HLA-A,B,C",W6/32,"Human,Cynomolgus,Rhesus",TATGCGAGGCTTATC
328135,0060,CD90,5E10,Human,GCATTGTACGATTCA
313241,0061,CD117,104D2,Human,AGACTAATAGCTGAC
312231,0062,CD10,HI10a,"Human,Cynomolgus,Rhesus",CAGCCATTCATTAGG
304157,0063,CD45RA,HI100,Human,TCAATCCTTCCGCTT
306037,0064,CD123,6H6,Human,CTTCACTCTGTCAGG
343123,0066,CD7,CD7-6B7,Human,TGGATTCCCGGACTT
323221,0068,CD105,43A3,Human,ATCGTCGAGAGCTAG
351907,0069,CD201,RCR-401,Human,GTTTCCTTGACCAAG
313633,0070,CD49f,GoH3,Both,TTCCGAGGATGATCT
359423,0071,CD194,L291H4,Human,AGCTTACCTGCACGA
300563,0072,CD4,RPA-T4,Human,TGTTCCCGCTCAACT
103045,0073,CD44,IM7,Both,TGGCTTCAGGTCCTA
116127,0074,CD54,YN1/1.7.4,Mouse,ATAACCGACACAGTG
105345,0075,CD90.2,30-H12,Mouse,CCGATCAGCCGTTTA
125615,0076,CD15,MC-480,"Human,Mouse",GCTAGTTTGTGCTGC
127227,0077,CD73,TY/11.8,Mouse,ACACTTAACGTCTGG
103623,0078,CD49d,R1-2,Mouse,CGCTTGGACGCTTAA
123811,0079,CD200,OX-90,Mouse,TCAATTCCGGTAGTC
301067,0080,CD8a,RPA-T8,"Human,Cynomolgus,Rhesus",GCTGCGCTTTCCATT
301855,0081,CD14,M5E2,"Human,Cynomolgus,Rhesus",TCTCAGACCTCCGTA
302061,0083,CD16,3G8,"Human,Cynomolgus,Rhesus",AAGTTCACTCTTTGC
392421,0084,CD56,QA17A16,Human,TTCGCCGCATTGAGT
302643,0085,CD25,BC96,Human,TTTGTCCTGTACGCC
304255,0087,CD45RO,UCHL1,Human,CTCCGAATCATGTTG
329955,0088,CD279,EH12.2H7,Human,ACAGCGCCGTATTTA
372725,0089,TIGIT,A15153G,Human,TTGCTTACCGCCAGA
115559,0093,CD19,6D5,Mouse,ATCAGCCATGTCAGT
103159,0096,CD45,30-F11,Mouse,TGGCTATGGAGCAGA
102055,0097,CD25,PC61,Mouse,ACCATGAGACACAGT
135316,0098,CD135,A2F10,Mouse,GTAGCAAGATTCAAG
302359,0100,CD20,2H7,"Human,Cynomolgus,Rhesus",TTCTGGGTCCCTAGA
331943,0101,CD335,9E2,Human,ACAATTTGAACAGCG
350127,0102,CD294,BM16,Human,TGTTTACGAGAGCCC
103263,0103,CD45R/B220,RA3-6B2,Both,CCTACACCTCATAAT
105613,0104,CD102,3C4 (MIC2/4),Mouse,GATATTCAGTGCGAC
135533,0105,CD115,AFS98,Mouse,TTCCGTTGTTGTGAG
117355,0106,CD11c,N418,Mouse,GTTATGGACGCTTGC
123427,0107,CD21,7E9,Mouse,GGATAATTTCGATCC
101635,0108,CD23,B3B4,Mouse,TCTCTTGGAAGATGA
101343,0109,CD16/32,93,Mouse,TTCGATGCTGGAGCA
143211,0110,CD43,S11,Mouse,TTGGAGGGTTGTGCT
100637,0111,CD5,53-7.3,Mouse,CAGCTCAGTGTGTTG
104451,0112,CD62L,MEL-14,Mouse,TGGGCCTAAGTCATC
136513,0113,CD93,AA4.1,Mouse,GGTATTTCCTGTGGT
123153,0114,F4/80,BM8,Mouse,TTAACTTCAGCCCGT
134333,0115,FCER1A,MAR-1,Mouse,AGTCACCTCGAAGCT
108459,0116,Ly-6G/Ly-6C,RB6-8C5,Mouse,TAGTGTATGGACACG
107653,0117,I-A/I-E,M5/114.15.2,Mouse,GGTCACCAGTATGAT
108755,0118,NK-1.1,PK136,Mouse,GTAACATTACTCGTC
129615,0119,Siglec H,551,Mouse,CCGCACCTACATTAG
109247,0120,TCR β chain,H57-597,Mouse,TCCTATGGGACTCAG
118137,0121,TCR γ/δ,GL3,Mouse,AACCCAAATAGCTGA
116247,0122,TER-119,TER-119,Mouse,GCGCGTTTGTGCTAT
324241,0123,CD326,9C4,Human,TTCCGAGCAAGTATC
303137,0124,CD31,WM59,"Human,Cynomolgus,Rhesus",ACCTTTATGCCACGG
338825,0125,CD44,BJ18,Human,AATCCTTCCGAATGT
372815,0126,CD133,clone 7,Human,TGGTAACGACAGTCC
337019,0127,Podoplanin,NC-08,Human,GGTTACTCGTTGTGT
323509,0128,CD140a,16A1,Human,ATGCGCCGAGAATTA
323609,0129,CD140b,18A2,Human,CAATGGTTCACTGCC
108147,0130,Ly-6A/E,D7,Mouse,TTCCTTTCCTACGCA
352923,0132,EGFR,AY13,Human,GCTTAACATTGGCAC
324423,0133,CD340,24D2,Human,CTGTAGCCGCCTATT
361017,0134,CD146,P1H12,Human,CCTTGGATAACATCA
324125,0135,CD324,67A4,Human,ATCCTTCTCCCTTTC
314541,0136,IgM,MHM-88,Human,TAGCGAGCCCGTATA
300635,0138,CD5,UCHT2,Human,CATTAACGGGATGCC
331229,0139,TCRgd,B1,"Human,Cynomolgus,Rhesus",CTTCCGATTCATTCA
353745,0140,CD183,G025H7,"Human,Cynomolgus,Rhesus",GCGATGGTAGATTAT
359135,0141,CD195,J418F1,Human,CCAAAGTAAGAGCCA
303223,0142,CD32,FUN-2,Human,GCTTCCGAATTACCG
353437,0143,CD196,G034E3,"Human,Cynomolgus,Rhesus",GATCCCTTTGTCACT
356937,0144,CD185,J252D4,Human,AATTCAACCGTCGCC
350231,0145,CD103,Ber-ACT8,Human,GACCTCATTGTGAAT
310947,0146,CD69,FN50,Human,GTCTCTTGGCTTAAA
304847,0147,CD62L,DREG-56,Human,GTCCCTGCAACTTGA
353247,0148,CD197,G043H7,Human,AGTTCAGTCAACCGA
339945,0149,CD161,HP-3G10,"Human,Cynomolgus,Rhesus",GTACGCAGTCCTTCT
369619,0151,CD152,BNI3,Human,ATGGTTCACGTAATC
369333,0152,CD223,11C3C65,Human,CATTTGTCTGCCGGT
367721,0153,KLRG1,SA231A2,Human,CTTATTTCCTGCCCT
302847,0154,CD27,O323,"Human,Cynomolgus,Rhesus",GCACTCCTGCATGTA
328647,0155,CD107a,H4A3,Human,CAGCCCACTGCAATA
305649,0156,CD95,DX2,"Human,Cynomolgus,Rhesus",CCAGCTCATTAGAGC
109853,0157,CD45.2,104,Mouse,CACCGTCATTCAACC
350033,0158,CD134,Ber-ACT35 (ACT35),Human,AACCCACCGTTGTTA
307659,0159,HLA-DR,L243,"Human,Cynomolgus,Rhesus",AATAGCGAGCAAGTA
331539,0160,CD1c,L161,Human,GAGCTACTTCACTCG
301353,0161,CD11b,ICRF44,"Human,Cynomolgus,Rhesus",GACAAGTGATCTGCA
305037,0162,CD64,10.1,"Human,Cynomolgus,Rhesus",AAGTATGCCCTACGA
344121,0163,CD141,M80,Human,GGATAACCGCGCTTT
350317,0164,CD1d,51.1,Human,TCGAGTCGCTTATCA
320835,0165,CD314,1D11,Human,CGTGTTTGTTCCTCA
392905,0166,CD66b,6/40c,Human,AGCTGTAAGTTTCGG
333407,0167,CD35,E11,Human,ACTTCCGTCGATCTT
393319,0168,CD57,QA17A04,Human,AACTCCCTATGGAGG
345047,0169,CD366,F38-2E2,Human,TGTCCTACCCAACTT
344525,0170,CD272,MIH26,Human,GTTATTGGACTAAGG
313555,0171,CD278,C398.4A,Both,CGCGCACCCATTAAA
329809,0172,CD275,9F.8A4,Human,GTTAGTGTTAGCTTG
330919,0174,CD58,TS2/9,Human,GTTCCTATGGACGAC
338419,0175,CD96,NK92.39,Human,TGGCCTATAAATGGT
328233,0176,CD39,A1,"Human,Cynomolgus,Rhesus",TTACCTGGTATCCGT
306413,0177,CD178,NOK-1,Human,CCGGTCCTCTGTATT
110753,0178,CD45.1,A20,Mouse,CCTATGGACTTGGAC
355709,0179,CX3CR1,K0124E1,Human,AGTATCGTCTCTGGG
311137,0180,CD24,ML5,Human,AGATTCCTTCGTGTT
354915,0181,CD21,Bu32,Human,AACCTAGTAGTTCGG
100251,0182,CD3,17A2,Mouse,GTATGTCCGCTCGAT
137633,0184,CD335,29A1.4,Mouse,CCCTTTCACCTCGAA
350615,0185,CD11a,TS2/4,Human,TATATCCTTGTGAGC
341415,0187,CD79b,CB3-1,Human,ATTCTTCAACCGAAG
342319,0188,CD66a/c/e,ASL-32,Human,GGGACAGTTCGTTTC
329527,0189,CD244,C1.7,Human,TCGCTTGGATGGTAG
153604,0190,CD274,MIH6,Mouse,TCGATTCCACCAACT
124235,0191,CD27,LG.3A10,Both,CAAGGTATGTCACTG
150423,0192,CD20,SA275A11,Mouse,TCCACTCCCTGTATA
126319,0193,CD357,DTA-1,Mouse,GGCACTCTGTAACAT
106111,0194,CD137,17B5,Mouse,TCCCTGTATAGATGA
119426,0195,CD134,OX-86,Mouse,CTCACCTACCTATGG
306623,0196,CD235ab,HIR2,Human,GCTCCTTTACACGTA
104546,0197,CD69,H1.2F3,Mouse,TTGTATTCCGCCATT
135045,0198,CD127,A7R34,Mouse,GTGTGAGGCACTCTT
347123,0199,Siglec-8,7C9,Human,CTTCTCCTCAGCAAT
105047,0200,CD86,GL-1,Mouse,CTGGATTTGTGTATC
121437,0201,CD103,2E7,Mouse,TTCATTAGCCCGCTG
139325,0202,CD64,X54-5/7.1,Mouse,AGCAATTAACGGGAG
115945,0203,CD150,TC15-12F12.2,Mouse,CAACGCCTAGAAACC
102129,0204,CD28,37.51,Mouse,ATTAAGAGCGTGTTG
321143,0205,CD206,15-2,Human,TCAGAACGTCTAACT
346011,0206,CD169,7-239,Human,TACTCAGCGTGTTTG
353807,0207,CD370,8F9,Human,CTGCATTTCAGTAAG
372613,0208,XCR1,S15046E,Human,AAGACGCATGTCAAC
137507,0210,TCR Vγ3,536,Mouse,TCGTGGTCCCTTTCT
101841,0212,CD24,M1/69,Mouse,TATATCTTTGCCGCA
352109,0213,Notch 1,MHN1-519,Human,AATCTGTAGTGCGTT
321227,0214,Integrin β7,FIB504,Both,TCCTTGGATGTACCG
316925,0215,CD268,11C1,Human,CGAAGTCGATCCGTA
303937,0216,CD42b,HIP1,Human,TCCTAGTACCGAAGT
353123,0217,CD54,HA58,Human,CTGATAGACTTGAGT
304933,0218,CD62P,AK4,Human,CCTTCCGTATCCCTT
308607,0219,CD119,GIR-208,Human,TGTGTATTCCCTTGT
306737,0224,TCR α/β,IP26,Human,CGTAACGTAGAGCGA
129825,0225,CD196,29-2L17,Mouse,CTCTCTGCATTCCTC
105725,0226,CD106,429 (MVCAM.A),Mouse,CGTTCCTACCTACCT
105909,0227,CD122,5H4,Mouse,GGTATGCGACACTTA
126623,0230,CD8b,YTS156.7.7,Mouse,TTCCCTCTATGGAGC
345411,0233,Notch 3,MHN3-21,Human,CTATTGGACGTATCT
357229,0242,CD192,K036C2,Human,GAGTTCCCTTACCTG
328509,0244,CD102,CBR-IC2/2,Human,TGACCTTCCTCTCCT
305813,0245,CD106,STA,Human,TCACAGTTCCTTGGA
339019,0246,CD122,TU27,Human,TCATTTCCTCCGATT
311913,0247,CD267,1A1,Human,AGTGATGGAGCGAAC
138431,0250,KLRG1,2F1/KLRG1,Both,GTAGTAGGCTAGACC
313317,0351,CD135,BV10A4H2,Human,CAGTAGATGGAGCAT
334641,0352,FCER1A,AER-37 (CRA-1),Human,CTCGTTTCCGTATCG
303737,0353,CD41,HIP8,Human,ACGTTGTGGCCTTGT
139517,0354,"TCR Vβ5.1, 5.2",MR9-4,Mouse,CTCAACAGTATTCTG
309835,0355,CD137,4B4-1,Human,CAGTAAGTTCGGGAC
347509,0356,CD254,MIH24,Human,TCCGTGTTAGTTTGT
343209,0357,CD43,CD43-10G7,Human,GATTAACCAGCTCAT
333635,0358,CD163,GHI/61,"Human,Cynomolgus,Rhesus",GCTTCTCCTTCCTTA
305339,0359,CD83,HB15e,Human,CCACTCATTTCCGGT
371225,0360,CD357,108-17,Human,ACCTTTCGACACTCG
304709,0361,CD59,p282 (H19),"Human,Cynomolgus,Rhesus",AATTAGCCGTCGAGA
359919,0362,CD309,7D4-6,Human,TTCACGCAGTAAGAT
355009,0363,CD124,G077F6,Human,CCGTCCTGATAGATG
301729,0364,CD13,WM15,Human,TTTCAACGCCCTTTC
306531,0366,CD184,12G5,"Human,Cynomolgus,Rhesus",TCAGGTCCTTTCAAC
309229,0367,CD2,TS1/8,Human,TACGATTTGTCAGGG
338335,0368,CD226,11A8,Human,TCTCAGTGTTTGTGG
303027,0369,CD29,TS2/16,Human,GTATTCCCTCAGTCA
354239,0370,CD303,201A,Human,GAGATGTCCGAATTT
359311,0371,CD49b,P1E6-C5,Human,GCTTTCTTCAGTATG
336423,0372,CD61,VI-PL2,"Human,Cynomolgus,Rhesus",AGGTTGGAGTAGACT
349521,0373,CD81,5A6,Human,GTATCCTTCCTTGGC
315605,0374,CD98,MEM-108,Human,GCACCAACAGCCATT
410725,0375,IgG Fc,M1310G05,Human,CTGGAGCGATTAGAA
107019,0376,CD195,HM-CCR5,Mouse,ACCAGTTGTCATTAC
120129,0377,CD197,4B12,Mouse,TTATTAACAGCCCAC
125229,0378,CD223,C9B7W,Mouse,ATTCCGTCCCTAAGG
202547,0380,CD90/CD90.1,OX-7,"Rat,Mouse",AGTATGGGATGCAAT
120507,0381,Panendothelial Cell Antigen,MECA-32,Mouse,CGTCCTAGTCATTGG
315811,0382,CD177,MEM-166,"Human,Cynomolgus,Rhesus",AGTATGGAGCCATAT
311317,0383,CD55,JS11,Human,GCTCATTACCCATTA
348243,0384,IgD,IA6-2,Human,CAGTCTCCGTAGAGT
302121,0385,CD18,TS1/18,Human,TATTGGGACACTTCT
302955,0386,CD28,CD28.2,"Human,Cynomolgus,Rhesus",TGAGAACGACCCTAA
322907,0387,TSLPR,1D3,Human,CAGTCCTCTCTGTCA
106325,0388,CD152,UC10-4B9,Mouse,AGTGTTTGTCCTGGT
303541,0389,CD38,HIT2,Human,TGTACCCGCTTGTGA
351352,0390,CD127,A019D5,Human,GTGTGTTGTCCTATG
304064,0391,CD45,HI30,Human,TGCAATTACCCGGAT
323046,0392,CD15,W6D3,Human,TCACCAGTACCTAGT
363514,0393,CD22,S-HCL-1,Human,GGGTTGTTGTCTTTG
334123,0394,CD71,CY1G4,Human,CCGTGTTCCTCATTA
358114,0395,B7-H4,MIH43,Human,TGTATGTCTGCCTTG
302720,0396,CD26,BA5b,Human,GGTGGCTAGATAATG
310729,0397,CD193,5E8,Human,ACCAATCCTTTCGTC
347325,0398,CD115,9-4D2-1E4,Human,AATCACGGTCCTTGT
371909,0399,CD204,7C9C20,Human,TAGCGAGCCAGATGT
348517,0400,CD144,BV9,Human,TCCACTCATTCTGTA
354707,0401,CD301,H037G3,Human,ACCTAGAAATCAGCA
300133,0402,CD1a,HI149,Human,GATCGTGTTGTGTTA
352207,0403,CD207,10E2,Human,CATTCTTCACGGGAT
353035,0404,CD63,H5C6,Human,GAGATGTCTGCAACT
312817,0405,CD284,HTA125,Human,GCTTAGCTGTATCCG
354525,0406,CD304,12C2,Human,GGACTAAGTTTCGTT
336225,0407,CD36,5-271,Human,TTCTTTGCCTTGCCA
372109,0408,CD172a (SIRPα),15-414,Human,CGTGTTTAACTTGAG
356635,0410,CD38,HB-7,Human,CCTATTCCGATTCCG
848009,0415,P2RY12,S16007D,Mouse,TTGCTTATTTCCGCA
155303,0417,CD163,S15049I,Mouse,GAGCAAGATTAAGAC
316205,0419,CD72,3F3,Human,CAGTCGTGGTAGATA
339515,0420,CD158,HP-MA4,Human,TATCAACCAACGCTT
103523,0421,CD49b,HMα2,Mouse,CGCGTTAGTAGAGTC
144033,0422,CD172a (SIRPα),P84,Mouse,GATTCCCTTGTAGCA
367617,0423,MERTK,590H11G1E3,Human,TCCTGCATGTACCCA
123333,0424,CD14,Sa14-2,Mouse,AACCAACAGTCACGT
150625,0426,CD192 (CCR2),SA203G11,Mouse,AGTGCGATCTGCAAC
391707,0427,Folate Receptor beta,94b/FOLR2,Human,TGTGGCTAGTCAGTT
354009,0428,Tim-4,9F4,Human,CGTCATATAGTATGG
103447,0429,CD48,HM48-1,Mouse,AGAACCGCCGTAGTT
155513,0431,CD170,S17007L,Mouse,TCAATCTCCGTCGCT
350817,0433,CD325,8C11,Human,CCTTCCCTTTCCTCT
409008,0436,Biotin,1D4-C5,Both,CGGTATATCAACAGA
144217,0437,CD207,4C7,Both,CGATTTGTATTCCCT
141509,0439,CD201,RCR-16,Mouse,TATGATCTGCCCTTG
142425,0440,CD169,3D6.112,Mouse,ATTGACGACAGTCAT
113824,0441,CD71,RI7217,Mouse,ACCGACCAGTAGACA
130617,0442,Notch 1,HMN1-12,Mouse,TCCGGTCACTCAGTA
133937,0443,CD41,MWReg30,Mouse,ACTTGGATGGACACT
146520,0444,CD184,L276F12,Mouse,GTCGTGGTGTTGTTC
853303,0445,TMEM119,A16075D,Human,TCGAACATTTCCAGG
336121,0446,CD93,VIMD2,Human,GCGCTACTTCCTTGA
329233,0447,CD200,OX-104,Human,CACGTAGACCTTTGC
154703,0448,CD204,1F8C33,Mouse,AGCTAGACACGTTGT
118237,0449,CD326,G8.8,Mouse,ACCCGCGTTAGTATG
406535,0450,IgM,RMM-1,Mouse,AGCTACGCATTCAAT
145611,0551,CD301a,LOM-8.7,Mouse,TGTATTTACTCACCG
145215,0552,CD304,3E12,Mouse,CCAGCTCATTCAACG
136415,0553,CD309,Avas12,Mouse,ATAAGAGCCCACCAT
102621,0555,CD36,HM36,Mouse,TTTGCCGCTACGACA
102733,0557,CD38,90,Mouse,CGTATCCGTCTCCTA
131809,0558,CD55,RIKO-3,Mouse,ATTGTTGTCAGACCA
143915,0559,CD63,NVG-2,Mouse,ATCCGACACGTATTA
137031,0560,CD68,FA-11,Mouse,CTTTCTTTCACGGGA
132811,0561,CD79b,HM79-12,Mouse,TAACTCAGTGCGAGT
121519,0562,CD83,Michel-19,Mouse,TCTCAGGCTTCCTAG
149041,0563,CX3CR1,SA011F11,Mouse,CACTCTCAGTCCTAT
153307,0564,Folate Receptor beta,10/FR2,Mouse,CTCAGATGCCCTTTA
151511,0565,MERTK (Mer),2B10C42,Mouse,AGTAGAGCAACTCGT
146817,0566,CD301b,URA-1,Mouse,CTTGCCTTGCGATTT
130011,0567,Tim-4,RMT4-54,Mouse,TGCTGGAGGGTATTC
148227,0568,XCR1,ZET,"Mouse,Rat",TCCATTACCCACGTT
102233,0570,CD29,HMβ1-1,"Mouse,Rat",ACGCATTCCTTGTGT
405745,0571,IgD,11-26c.2a,Mouse,TCATATCCGTTGTCC
135917,0573,CD140a,APA5,Mouse,GTCATTGCGGTCCTA
349117,0574,CD235a,HI264,Human,AGAGTATGTATGGGA
328315,0575,CD49a,TS2/7,Human,ACTGATGGACTCAGA
304337,0576,CD49d,9F10,"Human,Cynomolgus,Rhesus",CCATTCAACTTCCGG
344029,0577,CD73,AD2,Human,CAGTTCCTCAGTTCG
312119,0579,CD9,HI9a,Human,GAGTCACCAATCTGC
351733,0581,TCR Va7.2,3C10,Human,TACGAGCAGTATTCA
331433,0582,TCR Vδ2,B6,Human,TCAGTCAGATGGTAT
331311,0583,TCR Vγ9,B3,Human,AAGTGATGGTATCTG
342923,0584,TCR Vα24-Jα18,6B11,Human,AACTTCTGTGGTAGC
314910,0586,CD354,TREM-26,Human,TAGCCGTTTCCTTTG
334213,0588,CD202b,33.1 (Ab33),Human,CGATCCCTTACCTAT
342805,0590,CD305,NKTA255,Human,ATTTCCATTCCCTGT
358611,0591,LOX-1,15C4,Human,ACCCTTTACCGAATA
312615,0592,CD158b/j,DX27,Human,GACCCGTAGTTTGAT
324627,0593,CD203c,NP4D6,Human,TAACCGTACCTGCAT
394005,0594,CD133,S16016B,Human,GTAAGACGCCTATGC
101125,0595,CD11a,M17/4,Mouse,AGAGTCTCCCTTTAG
136209,0596,ESAM,1G8/ESAM,Mouse,TATAGTTTCCGCCGT
330119,0597,CD209,9E9A8,Human,TCACTGGACACTTAA
393715,0598,CD110,S16017E,Human,TGTTGTAAGATGCCA
312723,0599,CD158e1,DX9,Human,GGACGCTTTCCTTGA
341307,0600,CD158f,UP-R1,Human,AAAGTGATGCCACTG
325221,0801,CD337,P30-15,Human,AAAGTCACTCTGCCG
325117,0802,CD336,P44-8,Human,GGGCAATTAGCGAGT
308211,0803,CD253,RIK-2,Human,GCCATTCCTGCCTAA
356021,0804,CD186,K041E5,Human,GACAGTCGATGCAAC
337111,0805,CD226,TX25,Human,AGACCAACTCATTCA
123913,0807,CD200R,OX-110,Mouse,ATTCTTTCCCTCTGT
144523,0808,CD193,J073E5,Mouse,TAGAACCGTATCCGT
142209,0809,CD200R3,Ba13,Mouse,ATCAACTTGGAGCAG
142532,0810,CD138,281-2,Mouse,GCGTTTGTATGTACT
127027,0811,CD317,927,Mouse,TGTGGTAGCCCTTGT
120421,0812,CD105,MJ7/18,Mouse,TATCCCTGCCTTGCA
124819,0813,CD9,MZ3,Mouse,TAGCAGTCACTCCTA
342211,0814,CD205,HD30,Human,CTATCGTTTGATGCA
345123,0816,CD271,ME20.4,Human,AACCGCGCTTCAGAT
323307,0817,CD109,W7C5,Human,CACTTAACTCTGGGT
352813,0819,CD126,UV4,Human,TGATGGGAGCTTATC
324809,0821,CD164,67D2,Human,GAGGCACTTAACATA
365207,0822,CD142,NY2,Human,CACTGCCGTCGATTA
152219,0823,CD34,SA376A4,Mouse,AAACTCAGGTCCTTC
148711,0824,P2X7R,1F11,Mouse,TGCTTCATTCATGTG
143407,0825,CD371,5D3/CLEC12A,Mouse,GCGAGAAATCTGCAT
126113,0827,CD22,OX-97,Mouse,AGGTCCTCTCTGGAT
331821,0830,CD319,162.1,Human,AGTATGCCATGTCTT
352325,0831,CD138,DL-101,Human,GTATAGACCAAAGCC
131225,0833,CD194,2G12,Mouse,TTCATGTGTTTGTGC
143813,0834,CD39,Duha59,Mouse,GCGTATTTAACCCGT
130215,0835,CD314,CX5,Mouse,GAGGCTTATCATTTC
145317,0837,IL-33Ra,DIH9,Mouse,GCGATGGAGCATGTT
144715,0839,Ly49H,3D10,Mouse,CCAGTAGGCTTATTA
137409,0840,Ly49G,AT8,Mouse,CGTATCTGTCATTAG
138309,0841,Ly49D,4E5,Mouse,TATATCCCTCAACGC
116811,0842,Ly-49A,YE1/48.10.6,Mouse,AATTCCGTCAGATGA
358919,0843,CD199,L053E8,Human,ATTCCTCATTCCTGA
310209,0844,CD45RB,MEM-55,Human,AGATGGGACTCACCA
371317,0845,CD99,3B2/TA8,Human,ACCCGTCCCTAAGAA
145535,0846,CD185,L138D7,Mouse,ACGTAGTCACCTAGT
117409,0847,CD278,7E.17G9,Mouse,ACTGCCATATCCCTA
142115,0848,TIGIT,1G9,Mouse,GAAAGTCGCCAACAG
104745,0849,CD80,16-10A1,Mouse,GACCCGGTGTCATTT
142613,0850,CD49a,HMα1,Mouse,CCATTCATTTGTGGC
123529,0851,CD1d,1B1,Mouse,CAACTTGGCCGAATC
128823,0852,CD226,10E5,Mouse,ACGCAGTATTTCCGA
353613,0853,CD371,50C1,Human,CATTAGAGTCTGCCA
128713,0854,CD199,CW-1.2,Mouse,CCCTCTGGTATGGTT
128619,0857,CD34,HM34,Mouse,GATTCCTTTACGAGC
350409,0861,CD151,50-6,Human,CTTACCTAGTCATTC
313815,0862,CD218a,H44,"Human,Cynomolgus,Rhesus",TTGTTGTATCCGATC
317209,0864,CD352,NT-7,Human,AGTTTCCACTCAGGC
356207,0865,VEGFR-3,9D9F9,Human,TGATCCGAAGTCGTG
372009,0866,CLEC1B (CLEC2),AYP1,Human,TGCCAGTATCACGTA
305521,0867,CD94,DX22,Human,CTTTCCGGTCCTACA
325517,0868,IgE,MHE-18,Human,GGATGTACCGCGTAT
306313,0870,CD150,A12 (7D4),"Human,Cynomolgus,Rhesus",GTCATTGTATGTCTG
328821,0871,CD162,KPL-1,"Human,Cynomolgus,Rhesus",ATATGTCAGAGCACC
326011,0872,CD84,CD84.1.21,Human,CTCCCTAGTTCCTTT
361111,0874,MR1,26.5,Both,GTTGGATGGTAGACT
117614,0875,TLR4 (CD284)/MD2 Complex,MTS510,Mouse,GCAGTTGTCCGATTC
128507,0877,JAML,4E10,Mouse,GTTATGGTTCGTGTT
147405,0880,GITR Ligand,5F1,Mouse,GTATTCCGCACCTAT
139113,0881,CD272,6A6,Mouse,TGACCCTATTGAGAA
144105,0882,PIR-A/B,6C1,Mouse,TGTAGAGTCAGACCT
137811,0883,CD26,H194-112,Mouse,ATGGCCTGTCATAAT
136307,0885,CD270,HMHV-1B18,Mouse,GATCCGTGTTGCCTA
128415,0888,Notch 4,HMN4-14,Mouse,GTACTTAACGTCATC
150507,0889,"Slc7a1 (Cat-1, ERR)",SA191A10,Mouse,AAGCTGCATTTCCTT
100117,0892,CD2,RM2-5,Mouse,TTGCCGTGTGTTTAA
113407,0893,CD120b,TR75-89,Mouse,GAAGCTGTATCCGAA
316531,0894,Ig light chain κ,MHK-49,Human,AGCTCAGCCAGTATG
125421,0895,Mac-2,M3/38,Both,GATGCAATTAGCCGG
333723,0896,CD85j,GHI/75,Human,CCTTGTGAGGCTATG
338523,0897,CD23,EBVCS-5,Human,TCTGTATAACCGTCT
316627,0898,Ig light chain λ,MHL-38,Human,CAGCCAGTAAGTCAC
360607,0900,CD198,L263G8,Human,AGCCCGGATGTATTT
352515,0901,GARP,7B11,Human,AGGTATGGTAGAGTA
339217,0902,CD328,6-434,Human,CTTAGCATTTCACTG
124633,0903,CD40,3/23,Mouse,ATTTGTATGCTGGAG
102437,0904,CD31,390,Mouse,GCTGTAGTATCATGT
121635,0905,CD107a,1D4B,Mouse,AAATCTGTGCCGTAC
131715,0906,CD96,3.3,Mouse,CTGGTATGCGATTAA
150337,0907,CD198,SA214G2,Mouse,ATCTCCGTTGTGCGA
149323,0909,CD182,SA044G4,Mouse,TTTCCTTGTAGAGCG
104327,0910,CD61,2C9.G2 (HMβ3-1),"Mouse,Rat",TTCTTTACCCGCCTG
408109,0911,PE,PE001,Both,TGACCAGTTCCGCAT
358207,0912,GPR56,CG4,"Human,Mouse",GCCTAGTTTCCGTTT
347011,0913,CD158d,mAb 33 (33),Human,TTAGCCCGTAGACCA
107227,0914,CD273,TY25,Mouse,CACTCCTTGTAGTCA
150217,0915,VISTA,MIH63,Mouse,ACATTTCCCTTGCCT
152614,0917,CD95 ,SA367H8,Mouse,CACATCGTTTGTGTA
342617,0918,HLA-E,3D12,Human,GAGTCGAGAAATCAT
320921,0919,MICA/MICB,6D4,Human,CCCGCAGTATAACGA
342121,0920,CD82,ASL-24,Human,TCCCACTTCCGCTTT
317451,0922,CD4,OKT4,"Human,Cynomolgus,Rhesus",GCGATCCCTTGAGAT
346709,0923,NKp80,5D12,Human,TATAGTTCCTCTGTG
108827,0924,CD252,RM134L,Mouse,TCTCAGAACAGCCCT
109317,0925,CD253,N2B2,Mouse,CCCTTTCCGATTCAA
151125,0926,CD186 (CXCR6),SA051D1,Mouse,TGTCAGGTTGTATTC
142811,0927,CD159a,16A11,Mouse,GTGTTTGTGTTCCTG
134611,0930,Ly108,330-AJ,Mouse,CGATTCTTTGCGAGT
306105,0931,CD131,1C1,Human,CTGCATGAGACCAAA
347405,0934,CD179a,HSL96,Human,TAGATGGGATTCCGG
326819,0935,CD74,LN2,"Human,Cynomolgus,Rhesus",CTGTAGCATTTCCCT
348417,0936,CD317,RS38E,"Human,Cynomolgus,Rhesus",AAGAGCCGTTGTGAA
124015,0937,CD202b,TEK4,Mouse,TGTTTGTAAGTTCCC
305911,0940,CD116,4H1,Human,ATGGACAGTTCGTGT
356305,0941,CD37,M-B371,Human,ACAGTCACTGGGCAA
331021,0944,CD101,BB27,Human,CTACTTCCCTGTCAA
353505,0948,CD321,OV-5B8,Human,GACAGTACCGACACT
133633,0949,CD226,TX42.1,Mouse,CGGTATCCGTCAGTT
405251,0951,Biotin,,Both,AACCTTTGCCACTGC
405253,0952,Biotin,,Both,GTCCGACTAATAGCT
405255,0953,Biotin,,Both,CAGGTTGTTGTCATT
405257,0954,Biotin,,Both,TATTTCCACCCGGTC
405259,0955,Biotin,,Both,GTTGTGAGCACGAGA
405341,0956,Biotin,,Both,GGTAACTCTGGTAGC
405189,0961,Biotin,,Both,ACCCGGTATCAATTA
405187,0962,Biotin,,Both,TCTCCTATTGGGCGA
405185,0963,Biotin,,Both,AACGTATGTCCTTGC
405365,0975,Biotin,,Both,TGCCAGCCCTTTGTA
127831,0981,TCR Va2,B20.1,Mouse,TTGACCCGCTACGAA
359519,0985,CD360,17A12,Human,GAGGATGATGCCATG
408011,0987,APC,APC003,Both,TTAACCGTCTCCCTT
408313,0988,FITC,FIT-22,Both,TTTGTGTTGTGGTAC
128223,0989,CD98,RL388,Mouse,TCCTTCCTTTGTAGC
143013,1006,CD160,7H1,Mouse,GCGTATGTCAGTACC
144907,1007,CD85k,H1.1,Mouse,ATGTCAACTCTGGGA
104111,1008,CD51,RMV-7,Mouse,GGAGTCAGGGTATTA
105515,1009,CD94,18d3,Mouse,CACAGTTGTCCGTGT
138221,1010,CD205,NLDC-145,Mouse,CATATTGGCCGTAGT
131531,1011,CD155,TX56,Mouse,TAGCTTGGGATTAAG
106613,1012,CD178,MFL3,Mouse,GTCACGTAGTATCTT
151703,1013,CD365 (Tim-1),3B3,Mouse,ATGGGATTAACCGTC
343913,1015,CD166,3A6,Human,CATAAGATTCCGAGC
361717,1018,"HLA-DR, DP, DQ",Tü39,Human,AGCTACGAGCAGTAG
153507,1019,CD215 ,6B4C88,Mouse,TGTACGCATGTATGG
358415,1024,CD120b,3G7A02,Human,GCGCAACTCCTTGTA
342515,1027,PSMA,LNI-17,Human,CTAGATAACGACCGA
327809,1029,CD104,58XB4,Human,TCGTTTGTGGTAACT
354121,1030,CD89,A59,"Human,Cynomolgus,Rhesus",GTAGCATTGTAGTGA
127535,1031,CD47,miap301,Mouse,GAGATGTCTTTCGCC
150909,1033,IL-23R,12B2B64,Mouse,CTTTAGCAATTAGCG
127427,1035,Podoplanin,8.1.1,Mouse,GGGCGATTTAGTGTG
138017,1036,CD144,BV13,Mouse,GGGTATCCTGATAGG
141217,1037,CD133,315-2C11,Mouse,CTAGACCCTTCCCTT
345809,1038,C3aR,hC3aRZ8,Human,TAATGCCCTTTCCTT
330716,1039,TRA-1-81,TRA-1-81,Human,GCACTTCATTCAGTG
330621,1040,TRA-1-60-R,TRA-1-60-R,Human,TCCTCATTCATGTAC
135817,1042,CD88,20/70,Mouse,GCAGTCCTACATTGA
151009,1043,CD74 (CLIP) ,In1/CD74,Mouse,AGCACCCGACATTTC
357823,1044,ROR1,2A2,Human,AACCTAAGAGCCCGT
344321,1046,CD88,S5/1,Human,GCCGCATGAGAAACA
394311,1052,CD224,KF29,Human,CTGATGAGATGTCAG
318717,1056,CD258,T5-39,Human,ACTTCCCTGTAGAAA
307111,1057,DR3,JD3,Human,GAGTTCCCTCAGTTC
361505,1059,HLA-DQ,Tü169,Human,TTCACCGTAGTACGA
104917,1064,CD81,Eat-2,"Mouse,Rat",TTGTCACCAACTTCC
637331,1129,DYKDDDDK,L5,Both,ATAGTACGACCCGAT
901537,1131,HA.11,16B12,Both,TTGTGAGGCTTCTCT
362623,1132,His Tag,J095G46,Both,GATATTCCCACCAAA
348307,1133,Notch 2,MHN2-25,Human,GTTGTAGACCCTTAT
320625,1136,CD181,8F1/CXCR1,Human,CTACGCCTCCTTTCT
156307,1139,TCR vbeta8.3,1B3.3,Mouse,CCTTTCCGTCGATCA
406635,1167,IgG1,RMG1-1,Mouse,AGTACCTGCATGTCA
406719,1168,IgG2b,RMG2b-1,Mouse,GCATTGTAGTCACGC
308821,1170,CD210,3F9,"Human,Cynomolgus,Rhesus",TCCCTAGTAGTATAG
399715,1171,TGF-β Receptor II,W17055E,Human,ATTTCAGGGCCGGTA
394213,1172,IL12RB2,S16020B,Human,TCCCTCAGCGATTTA
307411,1182,CD262,DJR2-4 (7-8),Human,TTGGCCTGTAGAAAT
307215,1183,CD261,DJR1,Human,GCCCTTCCTCATTTC
300011,1244,LAP,S20006A,Human,AACTTCACCTCCTAG
372407,1247,HLA-B7,BB7.1,Human,GGCTTGGATTCATTT
333019,1248,CD85k,ZM4.1,Human,GCCGTATCTCCTTAC
338721,1249,CD85d,42D1,Human,AACGACGTAGATAGG
355611,1250,CD227,16A,Human,CCGAATAATTTCAGC
329407,1251,CD231,SN1a (M3-3D9),Human,AAGTTCAGGCTCATA
363707,1253,TSPAN8,TAL69,Human,AGTCGCCAGTAGTGA
324019,1254,CD318,CUB1,Human,CTTTCCACTGGATTA
327409,1255,SUSD2,W5C5,Human,CGGTATGTATCGGCA
362921,1261,CD191,5F10B29,Human,CCTTTCCGACATTGG
394601,0251,CD298/β2-microglobulin,LNH-94; 2M2,Human,GTCAACTCTTTAGCG
394603,0252,CD298/β2-microglobulin,LNH-94; 2M2,Human,TGATGGCCTATTGGG
394605,0253,CD298/β2-microglobulin,LNH-94; 2M2,Human,TTCCGCCTCTCTTTG
394607,0254,CD298/β2-microglobulin,LNH-94; 2M2,Human,AGTAAGTTCAGCGTA
394609,0255,CD298/β2-microglobulin,LNH-94; 2M2,Human,AAGTATCGTTTCGCA
394611,0256,CD298/β2-microglobulin,LNH-94; 2M2,Human,GGTTGCCAGATGTCA
394613,0257,CD298/β2-microglobulin,LNH-94; 2M2,Human,TGTCTTTCCTGCCAG
394615,0258,CD298/β2-microglobulin,LNH-94; 2M2,Human,CTCCTCTGCAATTAC
394617,0259,CD298/β2-microglobulin,LNH-94; 2M2,Human,CAGTAGTCACGGTCA
394619,0260,CD298/β2-microglobulin,LNH-94; 2M2,Human,ATTGACCCGCGTTAG
394623,0262,CD298/β2-microglobulin,LNH-94; 2M2,Human,TAACGACCAGCCATA
394625,0263,CD298/β2-microglobulin,LNH-94; 2M2,Human,AAATCTCTCAGGCTC
394627,0264,CD298/β2-microglobulin,LNH-94; 2M2,Human,CTGTATGTCCGATTG
394629,0265,CD298/β2-microglobulin,LNH-94; 2M2,Human,TAAGATTCAGAGCGA
394681,0276,CD298/β2-microglobulin,LNH-94; 2M2,Human,CTCAGTGCATTCTGG
394653,0277,CD298/β2-microglobulin,LNH-94; 2M2,Human,GCATTCTGTGCTATC
394655,0278,CD298/β2-microglobulin,LNH-94; 2M2,Human,CAAACCAACAGTTCG
328909,0279,CD298/β2-microglobulin,LNH-94; 2M2,Human,ACCCTTCCCTTCGTT
328911,0280,CD298/β2-microglobulin,LNH-94; 2M2,Human,TAACCACTGGATGAT
328901,0281,CD298/β2-microglobulin,LNH-94; 2M2,Human,ACGTTGTGCATTGAC
328903,0282,CD298/β2-microglobulin,LNH-94; 2M2,Human,CAAGGTGGCCTGTAT
328907,0284,CD298/β2-microglobulin,LNH-94; 2M2,Human,GGTTGTTGTTAGTGG
394651,0296,CD298/β2-microglobulin,LNH-94; 2M2,Human,CGATTGTAGACCTTT
328905,0297,CD298/β2-microglobulin,LNH-94; 2M2,Human,ACCTGCAACTCATTC
155801,0301,H-2/CD45  ,M1/42; 30-F11,Mouse,ACCCACCAGTAAGAC
155803,0302,H-2/CD45  ,M1/42; 30-F11,Mouse,GGTCGAGAGCATTCA
155805,0303,H-2/CD45  ,M1/42; 30-F11,Mouse,CTTGCCGCATGTCAT
155807,0304,H-2/CD45  ,M1/42; 30-F11,Mouse,AAAGCATTCTTCACG
155809,0305,H-2/CD45  ,M1/42; 30-F11,Mouse,CTTTGTCTTTGTGAG
155811,0306,H-2/CD45  ,M1/42; 30-F11,Mouse,TATGCTGCCACGGTA
155813,0307,H-2/CD45  ,M1/42; 30-F11,Mouse,GAGTCTGCCAGTATC
155815,0308,H-2/CD45  ,M1/42; 30-F11,Mouse,TATAGAACGCCAGGC
155817,0309,H-2/CD45  ,M1/42; 30-F11,Mouse,TGCCTATGAAACAAG
155819,0310,H-2/CD45  ,M1/42; 30-F11,Mouse,CCGATTGTAACAGAC
155821,0311,H-2/CD45  ,M1/42; 30-F11,Mouse,GCTTACCGAATTAAC
155823,0312,H-2/CD45  ,M1/42; 30-F11,Mouse,CTGCAAATATAACGG
155825,0313,H-2/CD45  ,M1/42; 30-F11,Mouse,CTACATTGCGATTTG
155827,0314,H-2/CD45  ,M1/42; 30-F11,Mouse,CTTTCGCCAACTCTG
155829,0315,H-2/CD45  ,M1/42; 30-F11,Mouse,CCCTCTCTGGATTCT
113921,0316,H-2/CD45  ,M1/42; 30-F11,Mouse,GATGTATCCGTTGTC
113923,0317,H-2/CD45  ,M1/42; 30-F11,Mouse,CTGCCGTTGTGCTAT
113925,0318,H-2/CD45  ,M1/42; 30-F11,Mouse,GAATTAAGAGCCGGA
113927,0321,H-2/CD45  ,M1/42; 30-F11,Mouse,CTTTAGTTCGTTGTG
113943,0322,H-2/CD45  ,M1/42; 30-F11,Mouse,GTGTTGTTCCCACAT
113947,0323,H-2/CD45  ,M1/42; 30-F11,Mouse,TTATTGGGCCGTATC
113951,0324,H-2/CD45  ,M1/42; 30-F11,Mouse,GCTGGAGTATATCCG
155897,0325,H-2/CD45  ,M1/42; 30-F11,Mouse,GAATTAGCTGTGCAA
155899,0326,H-2/CD45  ,M1/42; 30-F11,Mouse,CAAGTATCTGCCGTG
682205,0451,Nuclear Pore Complex Proteins,MAb414,Both,TTCCTGCCATTACTA
682207,0452,Nuclear Pore Complex Proteins,MAb414,Both,CCGTACCTCATTGTT
682209,0453,Nuclear Pore Complex Proteins,MAb414,Both,GGTAGATGTCCTCAG
682211,0454,Nuclear Pore Complex Proteins,MAb414,Both,TGGTGTCATTCTTGA
682213,0455,Nuclear Pore Complex Proteins,MAb414,Both,ATGATGAACAGCCAG
682215,0456,Nuclear Pore Complex Proteins,MAb414,Both,CTCGAACGCTTATCG
682217,0457,Nuclear Pore Complex Proteins,MAb414,Both,CTTATCACCGCTCAA
682219,0458,Nuclear Pore Complex Proteins,MAb414,Both,TGACGCCGTTGTTGT
682221,0459,Nuclear Pore Complex Proteins,MAb414,Both,GCCTAGTATGATCCA
682223,0460,Nuclear Pore Complex Proteins,MAb414,Both,AGTCACAGTATTCCA
682225,0461,Nuclear Pore Complex Proteins,MAb414,Both,TTGGCCTTTGTATCG
682227,0462,Nuclear Pore Complex Proteins,MAb414,Both,AACGCCAGTATGAAC
682229,0463,Nuclear Pore Complex Proteins,MAb414,Both,GCTTCCGTATATCTG
682231,0464,Nuclear Pore Complex Proteins,MAb414,Both,AGCAACTCACTCTTT
682233,0465,Nuclear Pore Complex Proteins,MAb414,Both,CACTAGAGCTTGGAT
682283,0466,Nuclear Pore Complex Proteins,MAb414,Both,TCCAAACCGTAGAAA
682285,0467,Nuclear Pore Complex Proteins,MAb414,Both,TGACCCTTCCTTCTC
682295,0468,Nuclear Pore Complex Proteins,MAb414,Both,TGGTATCCCTATGCC
682265,0469,Nuclear Pore Complex Proteins,MAb414,Both,TAGATGCGCCTTGGA
682267,0470,Nuclear Pore Complex Proteins,MAb414,Both,AACCTACCTAGCAGG
682269,0471,Nuclear Pore Complex Proteins,MAb414,Both,ACCCACTTCAGTTCG
682271,0472,Nuclear Pore Complex Proteins,MAb414,Both,ACGCCGGTAGTATCT
682273,0473,Nuclear Pore Complex Proteins,MAb414,Both,TTTACGACCTATTCC
682275,0474,Nuclear Pore Complex Proteins,MAb414,Both,TATCGTCTCCGACTA
394631,0251,CD298/β2-microglobulin,LNH-94; 2M2,Human,GTCAACTCTTTAGCG
394633,0252,CD298/β2-microglobulin,LNH-94; 2M2,Human,TGATGGCCTATTGGG
394635,0253,CD298/β2-microglobulin,LNH-94; 2M2,Human,TTCCGCCTCTCTTTG
394637,0254,CD298/β2-microglobulin,LNH-94; 2M2,Human,AGTAAGTTCAGCGTA
394639,0255,CD298/β2-microglobulin,LNH-94; 2M2,Human,AAGTATCGTTTCGCA
394641,0256,CD298/β2-microglobulin,LNH-94; 2M2,Human,GGTTGCCAGATGTCA
394643,0257,CD298/β2-microglobulin,LNH-94; 2M2,Human,TGTCTTTCCTGCCAG
394645,0258,CD298/β2-microglobulin,LNH-94; 2M2,Human,CTCCTCTGCAATTAC
394647,0259,CD298/β2-microglobulin,LNH-94; 2M2,Human,CAGTAGTCACGGTCA
394649,0260,CD298/β2-microglobulin,LNH-94; 2M2,Human,ATTGACCCGCGTTAG
328925,0262,CD298/β2-microglobulin,LNH-94; 2M2,Human,TAACGACCAGCCATA
328913,0263,CD298/β2-microglobulin,LNH-94; 2M2,Human,AAATCTCTCAGGCTC
328927,0264,CD298/β2-microglobulin,LNH-94; 2M2,Human,CTGTATGTCCGATTG
328943,0265,CD298/β2-microglobulin,LNH-94; 2M2,Human,TAAGATTCAGAGCGA
328915,0276,CD298/β2-microglobulin,LNH-94; 2M2,Human,CTCAGTGCATTCTGG
328917,0277,CD298/β2-microglobulin,LNH-94; 2M2,Human,GCATTCTGTGCTATC
328929,0278,CD298/β2-microglobulin,LNH-94; 2M2,Human,CAAACCAACAGTTCG
328931,0279,CD298/β2-microglobulin,LNH-94; 2M2,Human,ACCCTTCCCTTCGTT
328919,0280,CD298/β2-microglobulin,LNH-94; 2M2,Human,TAACCACTGGATGAT
328933,0281,CD298/β2-microglobulin,LNH-94; 2M2,Human,ACGTTGTGCATTGAC
328935,0282,CD298/β2-microglobulin,LNH-94; 2M2,Human,CAAGGTGGCCTGTAT
328939,0284,CD298/β2-microglobulin,LNH-94; 2M2,Human,GGTTGTTGTTAGTGG
328923,0296,CD298/β2-microglobulin,LNH-94; 2M2,Human,CGATTGTAGACCTTT
328937,0297,CD298/β2-microglobulin,LNH-94; 2M2,Human,ACCTGCAACTCATTC
155831,0301,H-2/CD45  ,M1/42; 30-F11,Mouse,ACCCACCAGTAAGAC
155833,0302,H-2/CD45  ,M1/42; 30-F11,Mouse,GGTCGAGAGCATTCA
155835,0303,H-2/CD45  ,M1/42; 30-F11,Mouse,CTTGCCGCATGTCAT
155837,0304,H-2/CD45  ,M1/42; 30-F11,Mouse,AAAGCATTCTTCACG
155839,0305,H-2/CD45  ,M1/42; 30-F11,Mouse,CTTTGTCTTTGTGAG
155841,0306,H-2/CD45  ,M1/42; 30-F11,Mouse,TATGCTGCCACGGTA
155843,0307,H-2/CD45  ,M1/42; 30-F11,Mouse,GAGTCTGCCAGTATC
155845,0308,H-2/CD45  ,M1/42; 30-F11,Mouse,TATAGAACGCCAGGC
155847,0309,H-2/CD45  ,M1/42; 30-F11,Mouse,TGCCTATGAAACAAG
155849,0310,H-2/CD45  ,M1/42; 30-F11,Mouse,CCGATTGTAACAGAC
113901,0311,H-2/CD45  ,M1/42; 30-F11,Mouse,GCTTACCGAATTAAC
113903,0312,H-2/CD45  ,M1/42; 30-F11,Mouse,CTGCAAATATAACGG
113905,0313,H-2/CD45  ,M1/42; 30-F11,Mouse,CTACATTGCGATTTG
113907,0314,H-2/CD45  ,M1/42; 30-F11,Mouse,CTTTCGCCAACTCTG
113909,0315,H-2/CD45  ,M1/42; 30-F11,Mouse,CCCTCTCTGGATTCT
113911,0316,H-2/CD45  ,M1/42; 30-F11,Mouse,GATGTATCCGTTGTC
113913,0317,H-2/CD45  ,M1/42; 30-F11,Mouse,CTGCCGTTGTGCTAT
113915,0318,H-2/CD45  ,M1/42; 30-F11,Mouse,GAATTAAGAGCCGGA
113941,0321,H-2/CD45  ,M1/42; 30-F11,Mouse,CTTTAGTTCGTTGTG
113945,0322,H-2/CD45  ,M1/42; 30-F11,Mouse,GTGTTGTTCCCACAT
113949,0323,H-2/CD45  ,M1/42; 30-F11,Mouse,TTATTGGGCCGTATC
113953,0324,H-2/CD45  ,M1/42; 30-F11,Mouse,GCTGGAGTATATCCG
113917,0325,H-2/CD45  ,M1/42; 30-F11,Mouse,GAATTAGCTGTGCAA
113919,0326,H-2/CD45  ,M1/42; 30-F11,Mouse,CAAGTATCTGCCGTG
682235,0451,Nuclear Pore Complex Proteins,MAb414,Both,TTCCTGCCATTACTA
682237,0452,Nuclear Pore Complex Proteins,MAb414,Both,CCGTACCTCATTGTT
682239,0453,Nuclear Pore Complex Proteins,MAb414,Both,GGTAGATGTCCTCAG
682277,0454,Nuclear Pore Complex Proteins,MAb414,Both,TGGTGTCATTCTTGA
682279,0455,Nuclear Pore Complex Proteins,MAb414,Both,ATGATGAACAGCCAG
682297,0456,Nuclear Pore Complex Proteins,MAb414,Both,CTCGAACGCTTATCG
682241,0457,Nuclear Pore Complex Proteins,MAb414,Both,CTTATCACCGCTCAA
682243,0458,Nuclear Pore Complex Proteins,MAb414,Both,TGACGCCGTTGTTGT
682281,0459,Nuclear Pore Complex Proteins,MAb414,Both,GCCTAGTATGATCCA
682249,0460,Nuclear Pore Complex Proteins,MAb414,Both,AGTCACAGTATTCCA
682251,0461,Nuclear Pore Complex Proteins,MAb414,Both,TTGGCCTTTGTATCG
682253,0462,Nuclear Pore Complex Proteins,MAb414,Both,AACGCCAGTATGAAC
682255,0463,Nuclear Pore Complex Proteins,MAb414,Both,GCTTCCGTATATCTG
682245,0464,Nuclear Pore Complex Proteins,MAb414,Both,AGCAACTCACTCTTT
682247,0465,Nuclear Pore Complex Proteins,MAb414,Both,CACTAGAGCTTGGAT
682287,0466,Nuclear Pore Complex Proteins,MAb414,Both,TCCAAACCGTAGAAA
682289,0467,Nuclear Pore Complex Proteins,MAb414,Both,TGACCCTTCCTTCTC
682293,0468,Nuclear Pore Complex Proteins,MAb414,Both,TGGTATCCCTATGCC
682257,0469,Nuclear Pore Complex Proteins,MAb414,Both,TAGATGCGCCTTGGA
682291,0470,Nuclear Pore Complex Proteins,MAb414,Both,AACCTACCTAGCAGG
682259,0471,Nuclear Pore Complex Proteins,MAb414,Both,ACCCACTTCAGTTCG
682261,0472,Nuclear Pore Complex Proteins,MAb414,Both,ACGCCGGTAGTATCT
682299,0473,Nuclear Pore Complex Proteins,MAb414,Both,TTTACGACCTATTCC
682263,0474,Nuclear Pore Complex Proteins,MAb414,Both,TATCGTCTCCGACTA
